Name,"Modified Time","Change Time","Access Time","Created Time",Size,"Flags(Dir)","Flags(Meta)",Known,Location,"MD5 Hash","SHA-256 Hash","MIME Type",Extension
Plylst9.wpl,"0000-00-00 00:00:00","0000-00-00 00:00:00","0000-00-00 00:00:00","0000-00-00 00:00:00",0,Unallocated,,unknown,"/img_image.dd/Documents and Settings/All Users/Documents/My Music/Sample Playlists/Plylst9.wpl",,,application/octet-stream,wpl
MPC7AC.tmp,"0000-00-00 00:00:00","0000-00-00 00:00:00","0000-00-00 00:00:00","0000-00-00 00:00:00",0,Unallocated,,unknown,"/img_image.dd/Documents and Settings/Default User/MPC7AC.tmp",,,application/octet-stream,tmp
MPC7AD.tmp,"0000-00-00 00:00:00","0000-00-00 00:00:00","0000-00-00 00:00:00","0000-00-00 00:00:00",0,Unallocated,,unknown,"/img_image.dd/Documents and Settings/Default User/MPC7AD.tmp",,,application/octet-stream,tmp
MPC7AE.tmp,"0000-00-00 00:00:00","0000-00-00 00:00:00","0000-00-00 00:00:00","0000-00-00 00:00:00",0,Unallocated,,unknown,"/img_image.dd/Documents and Settings/Default User/MPC7AE.tmp",,,application/octet-stream,tmp
MPC7AF.tmp,"0000-00-00 00:00:00","0000-00-00 00:00:00","0000-00-00 00:00:00","0000-00-00 00:00:00",0,Unallocated,,unknown,"/img_image.dd/Documents and Settings/Default User/MPC7AF.tmp",,,application/octet-stream,tmp
MPC7B0.tmp,"0000-00-00 00:00:00","0000-00-00 00:00:00","0000-00-00 00:00:00","0000-00-00 00:00:00",0,Unallocated,,unknown,"/img_image.dd/Documents and Settings/Default User/MPC7B0.tmp",,,application/octet-stream,tmp
MPC7B1.tmp,"0000-00-00 00:00:00","0000-00-00 00:00:00","0000-00-00 00:00:00","0000-00-00 00:00:00",0,Unallocated,,unknown,"/img_image.dd/Documents and Settings/Default User/MPC7B1.tmp",,,application/octet-stream,tmp
MPC7B2.tmp,"0000-00-00 00:00:00","0000-00-00 00:00:00","0000-00-00 00:00:00","0000-00-00 00:00:00",0,Unallocated,,unknown,"/img_image.dd/Documents and Settings/Default User/MPC7B2.tmp",,,application/octet-stream,tmp
MPC7B3.tmp,"0000-00-00 00:00:00","0000-00-00 00:00:00","0000-00-00 00:00:00","0000-00-00 00:00:00",0,Unallocated,,unknown,"/img_image.dd/Documents and Settings/Default User/MPC7B3.tmp",,,application/octet-stream,tmp
MPC7B4.tmp,"0000-00-00 00:00:00","0000-00-00 00:00:00","0000-00-00 00:00:00","0000-00-00 00:00:00",0,Unallocated,,unknown,"/img_image.dd/Documents and Settings/Default User/MPC7B4.tmp",,,application/octet-stream,tmp
MPC7C0.tmp,"0000-00-00 00:00:00","0000-00-00 00:00:00","0000-00-00 00:00:00","0000-00-00 00:00:00",0,Unallocated,,unknown,"/img_image.dd/Documents and Settings/Default User/MPC7C0.tmp",,,application/octet-stream,tmp
MPC7C1.tmp,"0000-00-00 00:00:00","0000-00-00 00:00:00","0000-00-00 00:00:00","0000-00-00 00:00:00",0,Unallocated,,unknown,"/img_image.dd/Documents and Settings/Default User/MPC7C1.tmp",,,application/octet-stream,tmp
MPC7C2.tmp,"0000-00-00 00:00:00","0000-00-00 00:00:00","0000-00-00 00:00:00","0000-00-00 00:00:00",0,Unallocated,,unknown,"/img_image.dd/Documents and Settings/Default User/MPC7C2.tmp",,,application/octet-stream,tmp
MPC7C3.tmp,"0000-00-00 00:00:00","0000-00-00 00:00:00","0000-00-00 00:00:00","0000-00-00 00:00:00",0,Unallocated,,unknown,"/img_image.dd/Documents and Settings/Default User/MPC7C3.tmp",,,application/octet-stream,tmp
MPC7C4.tmp,"0000-00-00 00:00:00","0000-00-00 00:00:00","0000-00-00 00:00:00","0000-00-00 00:00:00",0,Unallocated,,unknown,"/img_image.dd/Documents and Settings/Default User/MPC7C4.tmp",,,application/octet-stream,tmp
MPC7C5.tmp,"0000-00-00 00:00:00","0000-00-00 00:00:00","0000-00-00 00:00:00","0000-00-00 00:00:00",0,Unallocated,,unknown,"/img_image.dd/Documents and Settings/Default User/MPC7C5.tmp",,,application/octet-stream,tmp
MPC7C6.tmp,"0000-00-00 00:00:00","0000-00-00 00:00:00","0000-00-00 00:00:00","0000-00-00 00:00:00",0,Unallocated,,unknown,"/img_image.dd/Documents and Settings/Default User/MPC7C6.tmp",,,application/octet-stream,tmp
MPC7C7.tmp,"0000-00-00 00:00:00","0000-00-00 00:00:00","0000-00-00 00:00:00","0000-00-00 00:00:00",0,Unallocated,,unknown,"/img_image.dd/Documents and Settings/Default User/MPC7C7.tmp",,,application/octet-stream,tmp
MPC7C8.tmp,"0000-00-00 00:00:00","0000-00-00 00:00:00","0000-00-00 00:00:00","0000-00-00 00:00:00",0,Unallocated,,unknown,"/img_image.dd/Documents and Settings/Default User/MPC7C8.tmp",,,application/octet-stream,tmp
MPC7D4.tmp,"0000-00-00 00:00:00","0000-00-00 00:00:00","0000-00-00 00:00:00","0000-00-00 00:00:00",0,Unallocated,,unknown,"/img_image.dd/Documents and Settings/Default User/MPC7D4.tmp",,,application/octet-stream,tmp
MPC7D6.tmp,"0000-00-00 00:00:00","0000-00-00 00:00:00","0000-00-00 00:00:00","0000-00-00 00:00:00",0,Unallocated,,unknown,"/img_image.dd/Documents and Settings/Default User/MPC7D6.tmp",,,application/octet-stream,tmp
MPC7D7.tmp,"0000-00-00 00:00:00","0000-00-00 00:00:00","0000-00-00 00:00:00","0000-00-00 00:00:00",0,Unallocated,,unknown,"/img_image.dd/Documents and Settings/Default User/MPC7D7.tmp",,,application/octet-stream,tmp
MPC7D8.tmp,"0000-00-00 00:00:00","0000-00-00 00:00:00","0000-00-00 00:00:00","0000-00-00 00:00:00",0,Unallocated,,unknown,"/img_image.dd/Documents and Settings/Default User/MPC7D8.tmp",,,application/octet-stream,tmp
MPC7D9.tmp,"0000-00-00 00:00:00","0000-00-00 00:00:00","0000-00-00 00:00:00","0000-00-00 00:00:00",0,Unallocated,,unknown,"/img_image.dd/Documents and Settings/Default User/MPC7D9.tmp",,,application/octet-stream,tmp
MPC7DA.tmp,"0000-00-00 00:00:00","0000-00-00 00:00:00","0000-00-00 00:00:00","0000-00-00 00:00:00",0,Unallocated,,unknown,"/img_image.dd/Documents and Settings/Default User/MPC7DA.tmp",,,application/octet-stream,tmp
MPC7DB.tmp,"0000-00-00 00:00:00","0000-00-00 00:00:00","0000-00-00 00:00:00","0000-00-00 00:00:00",0,Unallocated,,unknown,"/img_image.dd/Documents and Settings/Default User/MPC7DB.tmp",,,application/octet-stream,tmp
MPC7DC.tmp,"0000-00-00 00:00:00","0000-00-00 00:00:00","0000-00-00 00:00:00","0000-00-00 00:00:00",0,Unallocated,,unknown,"/img_image.dd/Documents and Settings/Default User/MPC7DC.tmp",,,application/octet-stream,tmp
MPC7E8.tmp,"0000-00-00 00:00:00","0000-00-00 00:00:00","0000-00-00 00:00:00","0000-00-00 00:00:00",0,Unallocated,,unknown,"/img_image.dd/Documents and Settings/Default User/MPC7E8.tmp",,,application/octet-stream,tmp
MPC7EA.tmp,"0000-00-00 00:00:00","0000-00-00 00:00:00","0000-00-00 00:00:00","0000-00-00 00:00:00",0,Unallocated,,unknown,"/img_image.dd/Documents and Settings/Default User/MPC7EA.tmp",,,application/octet-stream,tmp
MPC7EB.tmp,"0000-00-00 00:00:00","0000-00-00 00:00:00","0000-00-00 00:00:00","0000-00-00 00:00:00",0,Unallocated,,unknown,"/img_image.dd/Documents and Settings/Default User/MPC7EB.tmp",,,application/octet-stream,tmp
MPC7EC.tmp,"0000-00-00 00:00:00","0000-00-00 00:00:00","0000-00-00 00:00:00","0000-00-00 00:00:00",0,Unallocated,,unknown,"/img_image.dd/Documents and Settings/Default User/MPC7EC.tmp",,,application/octet-stream,tmp
MPC7ED.tmp,"0000-00-00 00:00:00","0000-00-00 00:00:00","0000-00-00 00:00:00","0000-00-00 00:00:00",0,Unallocated,,unknown,"/img_image.dd/Documents and Settings/Default User/MPC7ED.tmp",,,application/octet-stream,tmp
MPC7EE.tmp,"0000-00-00 00:00:00","0000-00-00 00:00:00","0000-00-00 00:00:00","0000-00-00 00:00:00",0,Unallocated,,unknown,"/img_image.dd/Documents and Settings/Default User/MPC7EE.tmp",,,application/octet-stream,tmp
MPC7EF.tmp,"0000-00-00 00:00:00","0000-00-00 00:00:00","0000-00-00 00:00:00","0000-00-00 00:00:00",0,Unallocated,,unknown,"/img_image.dd/Documents and Settings/Default User/MPC7EF.tmp",,,application/octet-stream,tmp
MPC7F0.tmp,"0000-00-00 00:00:00","0000-00-00 00:00:00","0000-00-00 00:00:00","0000-00-00 00:00:00",0,Unallocated,,unknown,"/img_image.dd/Documents and Settings/Default User/MPC7F0.tmp",,,application/octet-stream,tmp
MPC7FC.tmp,"0000-00-00 00:00:00","0000-00-00 00:00:00","0000-00-00 00:00:00","0000-00-00 00:00:00",0,Unallocated,,unknown,"/img_image.dd/Documents and Settings/Default User/MPC7FC.tmp",,,application/octet-stream,tmp
MPC7FE.tmp,"0000-00-00 00:00:00","0000-00-00 00:00:00","0000-00-00 00:00:00","0000-00-00 00:00:00",0,Unallocated,,unknown,"/img_image.dd/Documents and Settings/Default User/MPC7FE.tmp",,,application/octet-stream,tmp
MPC7FF.tmp,"0000-00-00 00:00:00","0000-00-00 00:00:00","0000-00-00 00:00:00","0000-00-00 00:00:00",0,Unallocated,,unknown,"/img_image.dd/Documents and Settings/Default User/MPC7FF.tmp",,,application/octet-stream,tmp
MPC800.tmp,"0000-00-00 00:00:00","0000-00-00 00:00:00","0000-00-00 00:00:00","0000-00-00 00:00:00",0,Unallocated,,unknown,"/img_image.dd/Documents and Settings/Default User/MPC800.tmp",,,application/octet-stream,tmp
MPC801.tmp,"0000-00-00 00:00:00","0000-00-00 00:00:00","0000-00-00 00:00:00","0000-00-00 00:00:00",0,Unallocated,,unknown,"/img_image.dd/Documents and Settings/Default User/MPC801.tmp",,,application/octet-stream,tmp
MPC802.tmp,"0000-00-00 00:00:00","0000-00-00 00:00:00","0000-00-00 00:00:00","0000-00-00 00:00:00",0,Unallocated,,unknown,"/img_image.dd/Documents and Settings/Default User/MPC802.tmp",,,application/octet-stream,tmp
MPC803.tmp,"0000-00-00 00:00:00","0000-00-00 00:00:00","0000-00-00 00:00:00","0000-00-00 00:00:00",0,Unallocated,,unknown,"/img_image.dd/Documents and Settings/Default User/MPC803.tmp",,,application/octet-stream,tmp
MPC804.tmp,"0000-00-00 00:00:00","0000-00-00 00:00:00","0000-00-00 00:00:00","0000-00-00 00:00:00",0,Unallocated,,unknown,"/img_image.dd/Documents and Settings/Default User/MPC804.tmp",,,application/octet-stream,tmp
MPC810.tmp,"0000-00-00 00:00:00","0000-00-00 00:00:00","0000-00-00 00:00:00","0000-00-00 00:00:00",0,Unallocated,,unknown,"/img_image.dd/Documents and Settings/Default User/MPC810.tmp",,,application/octet-stream,tmp
MPC812.tmp,"0000-00-00 00:00:00","0000-00-00 00:00:00","0000-00-00 00:00:00","0000-00-00 00:00:00",0,Unallocated,,unknown,"/img_image.dd/Documents and Settings/Default User/MPC812.tmp",,,application/octet-stream,tmp
MPC813.tmp,"0000-00-00 00:00:00","0000-00-00 00:00:00","0000-00-00 00:00:00","0000-00-00 00:00:00",0,Unallocated,,unknown,"/img_image.dd/Documents and Settings/Default User/MPC813.tmp",,,application/octet-stream,tmp
MPC814.tmp,"0000-00-00 00:00:00","0000-00-00 00:00:00","0000-00-00 00:00:00","0000-00-00 00:00:00",0,Unallocated,,unknown,"/img_image.dd/Documents and Settings/Default User/MPC814.tmp",,,application/octet-stream,tmp
MPC815.tmp,"0000-00-00 00:00:00","0000-00-00 00:00:00","0000-00-00 00:00:00","0000-00-00 00:00:00",0,Unallocated,,unknown,"/img_image.dd/Documents and Settings/Default User/MPC815.tmp",,,application/octet-stream,tmp
MPC816.tmp,"0000-00-00 00:00:00","0000-00-00 00:00:00","0000-00-00 00:00:00","0000-00-00 00:00:00",0,Unallocated,,unknown,"/img_image.dd/Documents and Settings/Default User/MPC816.tmp",,,application/octet-stream,tmp
MPC817.tmp,"0000-00-00 00:00:00","0000-00-00 00:00:00","0000-00-00 00:00:00","0000-00-00 00:00:00",0,Unallocated,,unknown,"/img_image.dd/Documents and Settings/Default User/MPC817.tmp",,,application/octet-stream,tmp
MPC818.tmp,"0000-00-00 00:00:00","0000-00-00 00:00:00","0000-00-00 00:00:00","0000-00-00 00:00:00",0,Unallocated,,unknown,"/img_image.dd/Documents and Settings/Default User/MPC818.tmp",,,application/octet-stream,tmp
MPC824.tmp,"0000-00-00 00:00:00","0000-00-00 00:00:00","0000-00-00 00:00:00","0000-00-00 00:00:00",0,Unallocated,,unknown,"/img_image.dd/Documents and Settings/Default User/MPC824.tmp",,,application/octet-stream,tmp
MPC826.tmp,"0000-00-00 00:00:00","0000-00-00 00:00:00","0000-00-00 00:00:00","0000-00-00 00:00:00",0,Unallocated,,unknown,"/img_image.dd/Documents and Settings/Default User/MPC826.tmp",,,application/octet-stream,tmp
MPC827.tmp,"0000-00-00 00:00:00","0000-00-00 00:00:00","0000-00-00 00:00:00","0000-00-00 00:00:00",0,Unallocated,,unknown,"/img_image.dd/Documents and Settings/Default User/MPC827.tmp",,,application/octet-stream,tmp
MPC828.tmp,"0000-00-00 00:00:00","0000-00-00 00:00:00","0000-00-00 00:00:00","0000-00-00 00:00:00",0,Unallocated,,unknown,"/img_image.dd/Documents and Settings/Default User/MPC828.tmp",,,application/octet-stream,tmp
MPC829.tmp,"0000-00-00 00:00:00","0000-00-00 00:00:00","0000-00-00 00:00:00","0000-00-00 00:00:00",0,Unallocated,,unknown,"/img_image.dd/Documents and Settings/Default User/MPC829.tmp",,,application/octet-stream,tmp
MPC82A.tmp,"0000-00-00 00:00:00","0000-00-00 00:00:00","0000-00-00 00:00:00","0000-00-00 00:00:00",0,Unallocated,,unknown,"/img_image.dd/Documents and Settings/Default User/MPC82A.tmp",,,application/octet-stream,tmp
MPC82B.tmp,"0000-00-00 00:00:00","0000-00-00 00:00:00","0000-00-00 00:00:00","0000-00-00 00:00:00",0,Unallocated,,unknown,"/img_image.dd/Documents and Settings/Default User/MPC82B.tmp",,,application/octet-stream,tmp
MPC82C.tmp,"0000-00-00 00:00:00","0000-00-00 00:00:00","0000-00-00 00:00:00","0000-00-00 00:00:00",0,Unallocated,,unknown,"/img_image.dd/Documents and Settings/Default User/MPC82C.tmp",,,application/octet-stream,tmp
MPC838.tmp,"0000-00-00 00:00:00","0000-00-00 00:00:00","0000-00-00 00:00:00","0000-00-00 00:00:00",0,Unallocated,,unknown,"/img_image.dd/Documents and Settings/Default User/MPC838.tmp",,,application/octet-stream,tmp
MPC83A.tmp,"0000-00-00 00:00:00","0000-00-00 00:00:00","0000-00-00 00:00:00","0000-00-00 00:00:00",0,Unallocated,,unknown,"/img_image.dd/Documents and Settings/Default User/MPC83A.tmp",,,application/octet-stream,tmp
MPC83B.tmp,"0000-00-00 00:00:00","0000-00-00 00:00:00","0000-00-00 00:00:00","0000-00-00 00:00:00",0,Unallocated,,unknown,"/img_image.dd/Documents and Settings/Default User/MPC83B.tmp",,,application/octet-stream,tmp
MPC83C.tmp,"0000-00-00 00:00:00","0000-00-00 00:00:00","0000-00-00 00:00:00","0000-00-00 00:00:00",0,Unallocated,,unknown,"/img_image.dd/Documents and Settings/Default User/MPC83C.tmp",,,application/octet-stream,tmp
MPC83D.tmp,"0000-00-00 00:00:00","0000-00-00 00:00:00","0000-00-00 00:00:00","0000-00-00 00:00:00",0,Unallocated,,unknown,"/img_image.dd/Documents and Settings/Default User/MPC83D.tmp",,,application/octet-stream,tmp
MPC83E.tmp,"0000-00-00 00:00:00","0000-00-00 00:00:00","0000-00-00 00:00:00","0000-00-00 00:00:00",0,Unallocated,,unknown,"/img_image.dd/Documents and Settings/Default User/MPC83E.tmp",,,application/octet-stream,tmp
MPC83F.tmp,"0000-00-00 00:00:00","0000-00-00 00:00:00","0000-00-00 00:00:00","0000-00-00 00:00:00",0,Unallocated,,unknown,"/img_image.dd/Documents and Settings/Default User/MPC83F.tmp",,,application/octet-stream,tmp
MPC840.tmp,"0000-00-00 00:00:00","0000-00-00 00:00:00","0000-00-00 00:00:00","0000-00-00 00:00:00",0,Unallocated,,unknown,"/img_image.dd/Documents and Settings/Default User/MPC840.tmp",,,application/octet-stream,tmp
MPC84C.tmp,"0000-00-00 00:00:00","0000-00-00 00:00:00","0000-00-00 00:00:00","0000-00-00 00:00:00",0,Unallocated,,unknown,"/img_image.dd/Documents and Settings/Default User/MPC84C.tmp",,,application/octet-stream,tmp
MPC84E.tmp,"0000-00-00 00:00:00","0000-00-00 00:00:00","0000-00-00 00:00:00","0000-00-00 00:00:00",0,Unallocated,,unknown,"/img_image.dd/Documents and Settings/Default User/MPC84E.tmp",,,application/octet-stream,tmp
MPC84F.tmp,"0000-00-00 00:00:00","0000-00-00 00:00:00","0000-00-00 00:00:00","0000-00-00 00:00:00",0,Unallocated,,unknown,"/img_image.dd/Documents and Settings/Default User/MPC84F.tmp",,,application/octet-stream,tmp
MPC850.tmp,"0000-00-00 00:00:00","0000-00-00 00:00:00","0000-00-00 00:00:00","0000-00-00 00:00:00",0,Unallocated,,unknown,"/img_image.dd/Documents and Settings/Default User/MPC850.tmp",,,application/octet-stream,tmp
MPC851.tmp,"0000-00-00 00:00:00","0000-00-00 00:00:00","0000-00-00 00:00:00","0000-00-00 00:00:00",0,Unallocated,,unknown,"/img_image.dd/Documents and Settings/Default User/MPC851.tmp",,,application/octet-stream,tmp
MPC852.tmp,"0000-00-00 00:00:00","0000-00-00 00:00:00","0000-00-00 00:00:00","0000-00-00 00:00:00",0,Unallocated,,unknown,"/img_image.dd/Documents and Settings/Default User/MPC852.tmp",,,application/octet-stream,tmp
MPC853.tmp,"0000-00-00 00:00:00","0000-00-00 00:00:00","0000-00-00 00:00:00","0000-00-00 00:00:00",0,Unallocated,,unknown,"/img_image.dd/Documents and Settings/Default User/MPC853.tmp",,,application/octet-stream,tmp
MPC854.tmp,"0000-00-00 00:00:00","0000-00-00 00:00:00","0000-00-00 00:00:00","0000-00-00 00:00:00",0,Unallocated,,unknown,"/img_image.dd/Documents and Settings/Default User/MPC854.tmp",,,application/octet-stream,tmp
MPC860.tmp,"0000-00-00 00:00:00","0000-00-00 00:00:00","0000-00-00 00:00:00","0000-00-00 00:00:00",0,Unallocated,,unknown,"/img_image.dd/Documents and Settings/Default User/MPC860.tmp",,,application/octet-stream,tmp
MPC862.tmp,"0000-00-00 00:00:00","0000-00-00 00:00:00","0000-00-00 00:00:00","0000-00-00 00:00:00",0,Unallocated,,unknown,"/img_image.dd/Documents and Settings/Default User/MPC862.tmp",,,application/octet-stream,tmp
MPC863.tmp,"0000-00-00 00:00:00","0000-00-00 00:00:00","0000-00-00 00:00:00","0000-00-00 00:00:00",0,Unallocated,,unknown,"/img_image.dd/Documents and Settings/Default User/MPC863.tmp",,,application/octet-stream,tmp
MPC864.tmp,"0000-00-00 00:00:00","0000-00-00 00:00:00","0000-00-00 00:00:00","0000-00-00 00:00:00",0,Unallocated,,unknown,"/img_image.dd/Documents and Settings/Default User/MPC864.tmp",,,application/octet-stream,tmp
MPC865.tmp,"0000-00-00 00:00:00","0000-00-00 00:00:00","0000-00-00 00:00:00","0000-00-00 00:00:00",0,Unallocated,,unknown,"/img_image.dd/Documents and Settings/Default User/MPC865.tmp",,,application/octet-stream,tmp
MPC866.tmp,"0000-00-00 00:00:00","0000-00-00 00:00:00","0000-00-00 00:00:00","0000-00-00 00:00:00",0,Unallocated,,unknown,"/img_image.dd/Documents and Settings/Default User/MPC866.tmp",,,application/octet-stream,tmp
MPC867.tmp,"0000-00-00 00:00:00","0000-00-00 00:00:00","0000-00-00 00:00:00","0000-00-00 00:00:00",0,Unallocated,,unknown,"/img_image.dd/Documents and Settings/Default User/MPC867.tmp",,,application/octet-stream,tmp
MPC868.tmp,"0000-00-00 00:00:00","0000-00-00 00:00:00","0000-00-00 00:00:00","0000-00-00 00:00:00",0,Unallocated,,unknown,"/img_image.dd/Documents and Settings/Default User/MPC868.tmp",,,application/octet-stream,tmp
S3GPCVGB,"0000-00-00 00:00:00","0000-00-00 00:00:00","0000-00-00 00:00:00","0000-00-00 00:00:00",0,Unallocated,,unknown,"/img_image.dd/Documents and Settings/LocalService/Local Settings/Temporary Internet Files/Content.IE5/S3GPCVGB",,,application/octet-stream,
tfcr@pt.msn[2].txt,"0000-00-00 00:00:00","0000-00-00 00:00:00","0000-00-00 00:00:00","0000-00-00 00:00:00",0,Unallocated,,unknown,"/img_image.dd/Documents and Settings/TFCR/Cookies/tfcr@pt.msn[2].txt",,,application/octet-stream,txt
tfcr@serving-sys[2].txt,"0000-00-00 00:00:00","0000-00-00 00:00:00","0000-00-00 00:00:00","0000-00-00 00:00:00",0,Unallocated,,unknown,"/img_image.dd/Documents and Settings/TFCR/Cookies/tfcr@serving-sys[2].txt",,,application/octet-stream,txt
cbajax[1].htm,"0000-00-00 00:00:00","0000-00-00 00:00:00","0000-00-00 00:00:00","0000-00-00 00:00:00",0,Unallocated,,unknown,"/img_image.dd/Documents and Settings/TFCR/Local Settings/Temporary Internet Files/Content.IE5/1T8V5F4Y/cbajax[1].htm",,,application/octet-stream,htm
"F8AF68A367A61EF629129E5BDD5D4A[1].jpg","0000-00-00 00:00:00","0000-00-00 00:00:00","0000-00-00 00:00:00","0000-00-00 00:00:00",0,Unallocated,,unknown,"/img_image.dd/Documents and Settings/TFCR/Local Settings/Temporary Internet Files/Content.IE5/1T8V5F4Y/F8AF68A367A61EF629129E5BDD5D4A[1].jpg",,,application/octet-stream,jpg
s[1],"0000-00-00 00:00:00","0000-00-00 00:00:00","0000-00-00 00:00:00","0000-00-00 00:00:00",0,Unallocated,,unknown,"/img_image.dd/Documents and Settings/TFCR/Local Settings/Temporary Internet Files/Content.IE5/1T8V5F4Y/s[1]",,,application/octet-stream,
"294E26658E22C32D1AE934C4E96CE[1].jpg","0000-00-00 00:00:00","0000-00-00 00:00:00","0000-00-00 00:00:00","0000-00-00 00:00:00",0,Unallocated,,unknown,"/img_image.dd/Documents and Settings/TFCR/Local Settings/Temporary Internet Files/Content.IE5/7ECLTA0W/294E26658E22C32D1AE934C4E96CE[1].jpg",,,application/octet-stream,jpg
script[1].aspx,"0000-00-00 00:00:00","0000-00-00 00:00:00","0000-00-00 00:00:00","0000-00-00 00:00:00",0,Unallocated,,unknown,"/img_image.dd/Documents and Settings/TFCR/Local Settings/Temporary Internet Files/Content.IE5/7ECLTA0W/script[1].aspx",,,application/octet-stream,aspx
ADSAdClient31[1].htm,"0000-00-00 00:00:00","0000-00-00 00:00:00","0000-00-00 00:00:00","0000-00-00 00:00:00",0,Unallocated,,unknown,"/img_image.dd/Documents and Settings/TFCR/Local Settings/Temporary Internet Files/Content.IE5/OUJ7RONU/ADSAdClient31[1].htm",,,application/octet-stream,htm
pt.msn[1].htm,"0000-00-00 00:00:00","0000-00-00 00:00:00","0000-00-00 00:00:00","0000-00-00 00:00:00",0,Unallocated,,unknown,"/img_image.dd/Documents and Settings/TFCR/Local Settings/Temporary Internet Files/Content.IE5/OUJ7RONU/pt.msn[1].htm",,,application/octet-stream,htm
sf.head[1].js,"0000-00-00 00:00:00","0000-00-00 00:00:00","0000-00-00 00:00:00","0000-00-00 00:00:00",0,Unallocated,,unknown,"/img_image.dd/Documents and Settings/TFCR/Local Settings/Temporary Internet Files/Content.IE5/OUJ7RONU/sf.head[1].js",,,application/octet-stream,js
Thumbs.db,"0000-00-00 00:00:00","0000-00-00 00:00:00","0000-00-00 00:00:00","0000-00-00 00:00:00",0,Unallocated,,unknown,"/img_image.dd/Documents and Settings/TFCR/My Documents/My Pictures/Thumbs.db",,,application/octet-stream,db
fieruled.gif,"0000-00-00 00:00:00","0000-00-00 00:00:00","0000-00-00 00:00:00","0000-00-00 00:00:00",0,Unallocated,,unknown,"/img_image.dd/Program Files/Common Files/Microsoft Shared/Stationery/fieruled.gif",,,application/octet-stream,gif
"Network Blitz.htm","0000-00-00 00:00:00","0000-00-00 00:00:00","0000-00-00 00:00:00","0000-00-00 00:00:00",0,Unallocated,,unknown,"/img_image.dd/Program Files/Common Files/Microsoft Shared/Stationery/Network Blitz.htm",,,application/octet-stream,htm
xpmsgr.chm,"0000-00-00 00:00:00","0000-00-00 00:00:00","0000-00-00 00:00:00","0000-00-00 00:00:00",0,Unallocated,,unknown,"/img_image.dd/Program Files/Messenger/xpmsgr.chm",,,application/octet-stream,chm
PLYLST15.wpl,"0000-00-00 00:00:00","0000-00-00 00:00:00","0000-00-00 00:00:00","0000-00-00 00:00:00",0,Unallocated,,unknown,"/img_image.dd/Program Files/Windows Media Player/Sample Playlists/PLYLST15.wpl",,,application/octet-stream,wpl
PLYLST9.wpl,"0000-00-00 00:00:00","0000-00-00 00:00:00","0000-00-00 00:00:00","0000-00-00 00:00:00",0,Unallocated,,unknown,"/img_image.dd/Program Files/Windows Media Player/Sample Playlists/PLYLST9.wpl",,,application/octet-stream,wpl
SOUND17.WAV,"0000-00-00 00:00:00","0000-00-00 00:00:00","0000-00-00 00:00:00","0000-00-00 00:00:00",0,Unallocated,,unknown,"/img_image.dd/Program Files/Windows NT/Pinball/SOUND17.WAV",,,application/octet-stream,wav
SOUND181.WAV,"0000-00-00 00:00:00","0000-00-00 00:00:00","0000-00-00 00:00:00","0000-00-00 00:00:00",0,Unallocated,,unknown,"/img_image.dd/Program Files/Windows NT/Pinball/SOUND181.WAV",,,application/octet-stream,wav
SOUND38.WAV,"0000-00-00 00:00:00","0000-00-00 00:00:00","0000-00-00 00:00:00","0000-00-00 00:00:00",0,Unallocated,,unknown,"/img_image.dd/Program Files/Windows NT/Pinball/SOUND38.WAV",,,application/octet-stream,wav
appstart.ani,"0000-00-00 00:00:00","0000-00-00 00:00:00","0000-00-00 00:00:00","0000-00-00 00:00:00",0,Unallocated,,unknown,"/img_image.dd/WINDOWS/Cursors/appstart.ani",,,application/octet-stream,ani
cross_il.cur,"0000-00-00 00:00:00","0000-00-00 00:00:00","0000-00-00 00:00:00","0000-00-00 00:00:00",0,Unallocated,,unknown,"/img_image.dd/WINDOWS/Cursors/cross_il.cur",,,application/octet-stream,cur
java,"0000-00-00 00:00:00","0000-00-00 00:00:00","0000-00-00 00:00:00","0000-00-00 00:00:00",0,Unallocated,,unknown,"/img_image.dd/WINDOWS/java",,,application/octet-stream,
OneX_v1.xsd,"0000-00-00 00:00:00","0000-00-00 00:00:00","0000-00-00 00:00:00","0000-00-00 00:00:00",0,Unallocated,,unknown,"/img_image.dd/WINDOWS/L2Schemas/OneX_v1.xsd",,,application/octet-stream,xsd
"Windows XP Logoff Sound.wav","0000-00-00 00:00:00","0000-00-00 00:00:00","0000-00-00 00:00:00","0000-00-00 00:00:00",0,Unallocated,,unknown,"/img_image.dd/WINDOWS/Media/Windows XP Logoff Sound.wav",,,application/octet-stream,wav
00000016.query,"0000-00-00 00:00:00","0000-00-00 00:00:00","0000-00-00 00:00:00","0000-00-00 00:00:00",0,Unallocated,,unknown,"/img_image.dd/WINDOWS/pchealth/helpctr/OfflineCache/Professional_32#0409/00000016.query",,,application/octet-stream,query
00000017.query.new,"0000-00-00 00:00:00","0000-00-00 00:00:00","0000-00-00 00:00:00","0000-00-00 00:00:00",0,Unallocated,,unknown,"/img_image.dd/WINDOWS/pchealth/helpctr/OfflineCache/Professional_32#0409/00000017.query.new",,,application/octet-stream,new
0000002d.query,"0000-00-00 00:00:00","0000-00-00 00:00:00","0000-00-00 00:00:00","0000-00-00 00:00:00",0,Unallocated,,unknown,"/img_image.dd/WINDOWS/pchealth/helpctr/OfflineCache/Professional_32#0409/0000002d.query",,,application/octet-stream,query
00000039.query.new,"2013-10-24 15:48:07 WEST","2013-10-24 15:48:07 WEST","2013-10-24 15:48:07 WEST","2013-10-24 15:48:07 WEST",1078,Unallocated,Allocated,unknown,"/img_image.dd/WINDOWS/pchealth/helpctr/OfflineCache/Professional_32#0409/00000039.query.new",,,application/octet-stream,new
00000046.query,"0000-00-00 00:00:00","0000-00-00 00:00:00","0000-00-00 00:00:00","0000-00-00 00:00:00",0,Unallocated,,unknown,"/img_image.dd/WINDOWS/pchealth/helpctr/OfflineCache/Professional_32#0409/00000046.query",,,application/octet-stream,query
00000051.query.new,"2013-10-24 15:48:07 WEST","2013-10-24 15:48:07 WEST","2013-10-24 15:48:07 WEST","2013-10-24 15:48:07 WEST",1392,Unallocated,Allocated,unknown,"/img_image.dd/WINDOWS/pchealth/helpctr/OfflineCache/Professional_32#0409/00000051.query.new",,,application/octet-stream,new
0000005e.query,"0000-00-00 00:00:00","0000-00-00 00:00:00","0000-00-00 00:00:00","0000-00-00 00:00:00",0,Unallocated,,unknown,"/img_image.dd/WINDOWS/pchealth/helpctr/OfflineCache/Professional_32#0409/0000005e.query",,,application/octet-stream,query
0000006a.query.new,"2013-10-24 15:48:07 WEST","2013-10-24 15:48:07 WEST","2013-10-24 15:48:07 WEST","2013-10-24 15:48:07 WEST",1686,Unallocated,Allocated,unknown,"/img_image.dd/WINDOWS/pchealth/helpctr/OfflineCache/Professional_32#0409/0000006a.query.new",,,application/octet-stream,new
00000075.query,"0000-00-00 00:00:00","0000-00-00 00:00:00","0000-00-00 00:00:00","0000-00-00 00:00:00",0,Unallocated,,unknown,"/img_image.dd/WINDOWS/pchealth/helpctr/OfflineCache/Professional_32#0409/00000075.query",,,application/octet-stream,query
0000008d.query,"0000-00-00 00:00:00","0000-00-00 00:00:00","0000-00-00 00:00:00","0000-00-00 00:00:00",0,Unallocated,,unknown,"/img_image.dd/WINDOWS/pchealth/helpctr/OfflineCache/Professional_32#0409/0000008d.query",,,application/octet-stream,query
00000092.query.new,"2013-10-24 15:48:07 WEST","2013-10-24 15:48:07 WEST","2013-10-24 15:48:07 WEST","2013-10-24 15:48:07 WEST",7226,Unallocated,Allocated,unknown,"/img_image.dd/WINDOWS/pchealth/helpctr/OfflineCache/Professional_32#0409/00000092.query.new",,,application/octet-stream,new
000000a6.query,"0000-00-00 00:00:00","0000-00-00 00:00:00","0000-00-00 00:00:00","0000-00-00 00:00:00",0,Unallocated,,unknown,"/img_image.dd/WINDOWS/pchealth/helpctr/OfflineCache/Professional_32#0409/000000a6.query",,,application/octet-stream,query
000000aa.query.new,"2013-10-24 15:48:07 WEST","2013-10-24 15:48:07 WEST","2013-10-24 15:48:07 WEST","2013-10-24 15:48:07 WEST",2660,Unallocated,Allocated,unknown,"/img_image.dd/WINDOWS/pchealth/helpctr/OfflineCache/Professional_32#0409/000000aa.query.new",,,application/octet-stream,new
000000be.query,"0000-00-00 00:00:00","0000-00-00 00:00:00","0000-00-00 00:00:00","0000-00-00 00:00:00",0,Unallocated,,unknown,"/img_image.dd/WINDOWS/pchealth/helpctr/OfflineCache/Professional_32#0409/000000be.query",,,application/octet-stream,query
000000c2.query.new,"2013-10-24 15:48:07 WEST","2013-10-24 15:48:07 WEST","2013-10-24 15:48:07 WEST","2013-10-24 15:48:07 WEST",6424,Unallocated,Allocated,unknown,"/img_image.dd/WINDOWS/pchealth/helpctr/OfflineCache/Professional_32#0409/000000c2.query.new",,,application/octet-stream,new
000000d6.query,"0000-00-00 00:00:00","0000-00-00 00:00:00","0000-00-00 00:00:00","0000-00-00 00:00:00",0,Unallocated,,unknown,"/img_image.dd/WINDOWS/pchealth/helpctr/OfflineCache/Professional_32#0409/000000d6.query",,,application/octet-stream,query
000000da.query.new,"2013-10-24 15:48:07 WEST","2013-10-24 15:48:07 WEST","2013-10-24 15:48:07 WEST","2013-10-24 15:48:07 WEST",2396,Unallocated,Allocated,unknown,"/img_image.dd/WINDOWS/pchealth/helpctr/OfflineCache/Professional_32#0409/000000da.query.new",,,application/octet-stream,new
000000ed.query,"0000-00-00 00:00:00","0000-00-00 00:00:00","0000-00-00 00:00:00","0000-00-00 00:00:00",0,Unallocated,,unknown,"/img_image.dd/WINDOWS/pchealth/helpctr/OfflineCache/Professional_32#0409/000000ed.query",,,application/octet-stream,query
000000f2.query.new,"2013-10-24 15:48:07 WEST","2013-10-24 15:48:07 WEST","2013-10-24 15:48:07 WEST","2013-10-24 15:48:07 WEST",4534,Unallocated,Allocated,unknown,"/img_image.dd/WINDOWS/pchealth/helpctr/OfflineCache/Professional_32#0409/000000f2.query.new",,,application/octet-stream,new
00000100.query,"0000-00-00 00:00:00","0000-00-00 00:00:00","0000-00-00 00:00:00","0000-00-00 00:00:00",0,Unallocated,,unknown,"/img_image.dd/WINDOWS/pchealth/helpctr/OfflineCache/Professional_32#0409/00000100.query",,,application/octet-stream,query
00000118.query,"0000-00-00 00:00:00","0000-00-00 00:00:00","0000-00-00 00:00:00","0000-00-00 00:00:00",0,Unallocated,,unknown,"/img_image.dd/WINDOWS/pchealth/helpctr/OfflineCache/Professional_32#0409/00000118.query",,,application/octet-stream,query
00000130.query.new,"2013-10-24 15:48:07 WEST","2013-10-24 15:48:07 WEST","2013-10-24 15:48:07 WEST","2013-10-24 15:48:07 WEST",484,Unallocated,Allocated,unknown,"/img_image.dd/WINDOWS/pchealth/helpctr/OfflineCache/Professional_32#0409/00000130.query.new",,,application/octet-stream,new
00000214.query,"0000-00-00 00:00:00","0000-00-00 00:00:00","0000-00-00 00:00:00","0000-00-00 00:00:00",0,Unallocated,,unknown,"/img_image.dd/WINDOWS/pchealth/helpctr/OfflineCache/Professional_32#0409/00000214.query",,,application/octet-stream,query
00000224.query.new,"2013-10-24 15:48:08 WEST","2013-10-24 15:48:08 WEST","2013-10-24 15:48:08 WEST","2013-10-24 15:48:08 WEST",82,Unallocated,Allocated,unknown,"/img_image.dd/WINDOWS/pchealth/helpctr/OfflineCache/Professional_32#0409/00000224.query.new",,,application/octet-stream,new
00000131.query,"0000-00-00 00:00:00","0000-00-00 00:00:00","0000-00-00 00:00:00","0000-00-00 00:00:00",0,Unallocated,,unknown,"/img_image.dd/WINDOWS/pchealth/helpctr/OfflineCache/Professional_32#0409/00000131.query",,,application/octet-stream,query
00000147.query.new,"2013-10-24 15:48:07 WEST","2013-10-24 15:48:07 WEST","2013-10-24 15:48:07 WEST","2013-10-24 15:48:07 WEST",1374,Unallocated,Allocated,unknown,"/img_image.dd/WINDOWS/pchealth/helpctr/OfflineCache/Professional_32#0409/00000147.query.new",,,application/octet-stream,new
00000148.query,"0000-00-00 00:00:00","0000-00-00 00:00:00","0000-00-00 00:00:00","0000-00-00 00:00:00",0,Unallocated,,unknown,"/img_image.dd/WINDOWS/pchealth/helpctr/OfflineCache/Professional_32#0409/00000148.query",,,application/octet-stream,query
00000162.query.new,"2013-10-24 15:48:07 WEST","2013-10-24 15:48:07 WEST","2013-10-24 15:48:07 WEST","2013-10-24 15:48:07 WEST",4174,Unallocated,Allocated,unknown,"/img_image.dd/WINDOWS/pchealth/helpctr/OfflineCache/Professional_32#0409/00000162.query.new",,,application/octet-stream,new
00000163.query,"0000-00-00 00:00:00","0000-00-00 00:00:00","0000-00-00 00:00:00","0000-00-00 00:00:00",0,Unallocated,,unknown,"/img_image.dd/WINDOWS/pchealth/helpctr/OfflineCache/Professional_32#0409/00000163.query",,,application/octet-stream,query
0000017a.query.new,"2013-10-24 15:48:07 WEST","2013-10-24 15:48:07 WEST","2013-10-24 15:48:07 WEST","2013-10-24 15:48:07 WEST",4312,Unallocated,Allocated,unknown,"/img_image.dd/WINDOWS/pchealth/helpctr/OfflineCache/Professional_32#0409/0000017a.query.new",,,application/octet-stream,new
0000017b.query,"0000-00-00 00:00:00","0000-00-00 00:00:00","0000-00-00 00:00:00","0000-00-00 00:00:00",0,Unallocated,,unknown,"/img_image.dd/WINDOWS/pchealth/helpctr/OfflineCache/Professional_32#0409/0000017b.query",,,application/octet-stream,query
00000192.query.new,"2013-10-24 15:48:07 WEST","2013-10-24 15:48:07 WEST","2013-10-24 15:48:07 WEST","2013-10-24 15:48:07 WEST",4088,Unallocated,Allocated,unknown,"/img_image.dd/WINDOWS/pchealth/helpctr/OfflineCache/Professional_32#0409/00000192.query.new",,,application/octet-stream,new
00000193.query,"0000-00-00 00:00:00","0000-00-00 00:00:00","0000-00-00 00:00:00","0000-00-00 00:00:00",0,Unallocated,,unknown,"/img_image.dd/WINDOWS/pchealth/helpctr/OfflineCache/Professional_32#0409/00000193.query",,,application/octet-stream,query
000001aa.query.new,"2013-10-24 15:48:07 WEST","2013-10-24 15:48:07 WEST","2013-10-24 15:48:07 WEST","2013-10-24 15:48:07 WEST",2194,Unallocated,Allocated,unknown,"/img_image.dd/WINDOWS/pchealth/helpctr/OfflineCache/Professional_32#0409/000001aa.query.new",,,application/octet-stream,new
000001ab.query,"0000-00-00 00:00:00","0000-00-00 00:00:00","0000-00-00 00:00:00","0000-00-00 00:00:00",0,Unallocated,,unknown,"/img_image.dd/WINDOWS/pchealth/helpctr/OfflineCache/Professional_32#0409/000001ab.query",,,application/octet-stream,query
000001c0.query.new,"2013-10-24 15:48:07 WEST","2013-10-24 15:48:07 WEST","2013-10-24 15:48:07 WEST","2013-10-24 15:48:07 WEST",276,Unallocated,Allocated,unknown,"/img_image.dd/WINDOWS/pchealth/helpctr/OfflineCache/Professional_32#0409/000001c0.query.new",,,application/octet-stream,new
000001c1.query,"0000-00-00 00:00:00","0000-00-00 00:00:00","0000-00-00 00:00:00","0000-00-00 00:00:00",0,Unallocated,,unknown,"/img_image.dd/WINDOWS/pchealth/helpctr/OfflineCache/Professional_32#0409/000001c1.query",,,application/octet-stream,query
000001d7.query.new,"2013-10-24 15:48:07 WEST","2013-10-24 15:48:07 WEST","2013-10-24 15:48:07 WEST","2013-10-24 15:48:07 WEST",9334,Unallocated,Allocated,unknown,"/img_image.dd/WINDOWS/pchealth/helpctr/OfflineCache/Professional_32#0409/000001d7.query.new",,,application/octet-stream,new
000001d8.query,"0000-00-00 00:00:00","0000-00-00 00:00:00","0000-00-00 00:00:00","0000-00-00 00:00:00",0,Unallocated,,unknown,"/img_image.dd/WINDOWS/pchealth/helpctr/OfflineCache/Professional_32#0409/000001d8.query",,,application/octet-stream,query
000001ef.query.new,"2013-10-24 15:48:07 WEST","2013-10-24 15:48:07 WEST","2013-10-24 15:48:07 WEST","2013-10-24 15:48:07 WEST",4368,Unallocated,Allocated,unknown,"/img_image.dd/WINDOWS/pchealth/helpctr/OfflineCache/Professional_32#0409/000001ef.query.new",,,application/octet-stream,new
0000022e.query,"0000-00-00 00:00:00","0000-00-00 00:00:00","0000-00-00 00:00:00","0000-00-00 00:00:00",0,Unallocated,,unknown,"/img_image.dd/WINDOWS/pchealth/helpctr/OfflineCache/Professional_32#0409/0000022e.query",,,application/octet-stream,query
0000023b.query.new,"2013-10-24 15:48:08 WEST","2013-10-24 15:48:08 WEST","2013-10-24 15:48:08 WEST","2013-10-24 15:48:08 WEST",3812,Unallocated,Allocated,unknown,"/img_image.dd/WINDOWS/pchealth/helpctr/OfflineCache/Professional_32#0409/0000023b.query.new",,,application/octet-stream,new
00000246.query,"0000-00-00 00:00:00","0000-00-00 00:00:00","0000-00-00 00:00:00","0000-00-00 00:00:00",0,Unallocated,,unknown,"/img_image.dd/WINDOWS/pchealth/helpctr/OfflineCache/Professional_32#0409/00000246.query",,,application/octet-stream,query
00000252.query.new,"2013-10-24 15:48:08 WEST","2013-10-24 15:48:08 WEST","2013-10-24 15:48:08 WEST","2013-10-24 15:48:08 WEST",1464,Unallocated,Allocated,unknown,"/img_image.dd/WINDOWS/pchealth/helpctr/OfflineCache/Professional_32#0409/00000252.query.new",,,application/octet-stream,new
0000025e.query,"0000-00-00 00:00:00","0000-00-00 00:00:00","0000-00-00 00:00:00","0000-00-00 00:00:00",0,Unallocated,,unknown,"/img_image.dd/WINDOWS/pchealth/helpctr/OfflineCache/Professional_32#0409/0000025e.query",,,application/octet-stream,query
0000026b.query.new,"2013-10-24 15:48:08 WEST","2013-10-24 15:48:08 WEST","2013-10-24 15:48:08 WEST","2013-10-24 15:48:08 WEST",3040,Unallocated,Allocated,unknown,"/img_image.dd/WINDOWS/pchealth/helpctr/OfflineCache/Professional_32#0409/0000026b.query.new",,,application/octet-stream,new
00000275.query,"0000-00-00 00:00:00","0000-00-00 00:00:00","0000-00-00 00:00:00","0000-00-00 00:00:00",0,Unallocated,,unknown,"/img_image.dd/WINDOWS/pchealth/helpctr/OfflineCache/Professional_32#0409/00000275.query",,,application/octet-stream,query
00000283.query.new,"2013-10-24 15:48:08 WEST","2013-10-24 15:48:08 WEST","2013-10-24 15:48:08 WEST","2013-10-24 15:48:08 WEST",3868,Unallocated,Allocated,unknown,"/img_image.dd/WINDOWS/pchealth/helpctr/OfflineCache/Professional_32#0409/00000283.query.new",,,application/octet-stream,new
0000028d.query,"0000-00-00 00:00:00","0000-00-00 00:00:00","0000-00-00 00:00:00","0000-00-00 00:00:00",0,Unallocated,,unknown,"/img_image.dd/WINDOWS/pchealth/helpctr/OfflineCache/Professional_32#0409/0000028d.query",,,application/octet-stream,query
0000029a.query.new,"2013-10-24 15:48:08 WEST","2013-10-24 15:48:08 WEST","2013-10-24 15:48:08 WEST","2013-10-24 15:48:08 WEST",308,Unallocated,Allocated,unknown,"/img_image.dd/WINDOWS/pchealth/helpctr/OfflineCache/Professional_32#0409/0000029a.query.new",,,application/octet-stream,new
000002a6.query,"0000-00-00 00:00:00","0000-00-00 00:00:00","0000-00-00 00:00:00","0000-00-00 00:00:00",0,Unallocated,,unknown,"/img_image.dd/WINDOWS/pchealth/helpctr/OfflineCache/Professional_32#0409/000002a6.query",,,application/octet-stream,query
000002b3.query.new,"2013-10-24 15:48:08 WEST","2013-10-24 15:48:08 WEST","2013-10-24 15:48:08 WEST","2013-10-24 15:48:08 WEST",1914,Unallocated,Allocated,unknown,"/img_image.dd/WINDOWS/pchealth/helpctr/OfflineCache/Professional_32#0409/000002b3.query.new",,,application/octet-stream,new
000002bd.query,"0000-00-00 00:00:00","0000-00-00 00:00:00","0000-00-00 00:00:00","0000-00-00 00:00:00",0,Unallocated,,unknown,"/img_image.dd/WINDOWS/pchealth/helpctr/OfflineCache/Professional_32#0409/000002bd.query",,,application/octet-stream,query
000002ca.query.new,"2013-10-24 15:48:08 WEST","2013-10-24 15:48:08 WEST","2013-10-24 15:48:08 WEST","2013-10-24 15:48:08 WEST",2410,Unallocated,Allocated,unknown,"/img_image.dd/WINDOWS/pchealth/helpctr/OfflineCache/Professional_32#0409/000002ca.query.new",,,application/octet-stream,new
SkuStore.bin,"0000-00-00 00:00:00","0000-00-00 00:00:00","0000-00-00 00:00:00","0000-00-00 00:00:00",0,Unallocated,,unknown,"/img_image.dd/WINDOWS/pchealth/helpctr/PackageStore/SkuStore.bin",,,application/octet-stream,bin
logon_anim.gif,"0000-00-00 00:00:00","0000-00-00 00:00:00","0000-00-00 00:00:00","0000-00-00 00:00:00",0,Unallocated,,unknown,"/img_image.dd/WINDOWS/pchealth/helpctr/Vendors/CN=Microsoft Corporation,L=Redmond,S=Washington,C=US/Remote Assistance/Escalation/Common/logon_anim.gif",,,application/octet-stream,gif
tmp.edb,"2013-10-28 17:22:58 WET","2013-10-28 17:22:58 WET","2013-10-28 17:22:58 WET","2013-10-28 17:22:58 WET",65536,Unallocated,Unallocated,unknown,"/img_image.dd/WINDOWS/SoftwareDistribution/DataStore/Logs/tmp.edb",,,application/octet-stream,edb
aclui.dll,"0000-00-00 00:00:00","0000-00-00 00:00:00","0000-00-00 00:00:00","0000-00-00 00:00:00",0,Unallocated,,unknown,"/img_image.dd/WINDOWS/system32/aclui.dll",,,application/octet-stream,dll
c_932.nls,"0000-00-00 00:00:00","0000-00-00 00:00:00","0000-00-00 00:00:00","0000-00-00 00:00:00",0,Unallocated,,unknown,"/img_image.dd/WINDOWS/system32/c_932.nls",,,application/octet-stream,nls
iaspolcy.dll,"0000-00-00 00:00:00","0000-00-00 00:00:00","0000-00-00 00:00:00","0000-00-00 00:00:00",0,Unallocated,,unknown,"/img_image.dd/WINDOWS/system32/dllcache/iaspolcy.dll",,,application/octet-stream,dll
iasrad.dll.new,"2008-04-14 13:00:00 WEST","2013-10-24 15:49:23 WEST","2013-10-24 15:49:23 WEST","2008-04-14 13:00:00 WEST",119808,Unallocated,Allocated,unknown,"/img_image.dd/WINDOWS/system32/dllcache/iasrad.dll.new",,,application/x-msdownload,new
dmdskres.dll,"0000-00-00 00:00:00","0000-00-00 00:00:00","0000-00-00 00:00:00","0000-00-00 00:00:00",0,Unallocated,,unknown,"/img_image.dd/WINDOWS/system32/dllcache/dmdskres.dll",,,application/octet-stream,dll
dmio.sys.new,"2008-04-14 13:00:00 WEST","2013-10-24 15:49:09 WEST","2013-10-24 15:49:09 WEST","2008-04-14 13:00:00 WEST",153344,Unallocated,Allocated,unknown,"/img_image.dd/WINDOWS/system32/dllcache/dmio.sys.new",,,application/x-msdownload,new
kbdbu.dll,"0000-00-00 00:00:00","0000-00-00 00:00:00","0000-00-00 00:00:00","0000-00-00 00:00:00",0,Unallocated,,unknown,"/img_image.dd/WINDOWS/system32/dllcache/kbdbu.dll",,,application/octet-stream,dll
kbdcan.dll.new,"2008-04-14 13:00:00 WEST","2013-10-24 15:49:28 WEST","2013-10-24 15:49:28 WEST","2008-04-14 13:00:00 WEST",7680,Unallocated,Allocated,unknown,"/img_image.dd/WINDOWS/system32/dllcache/kbdcan.dll.new",,,application/x-msdownload,new
msls31.dll,"0000-00-00 00:00:00","0000-00-00 00:00:00","0000-00-00 00:00:00","0000-00-00 00:00:00",0,Unallocated,,unknown,"/img_image.dd/WINDOWS/system32/dllcache/msls31.dll",,,application/octet-stream,dll
msobcomm.dll.new,"2008-04-14 13:00:00 WEST","2013-10-24 15:49:43 WEST","2013-10-24 15:49:43 WEST","2013-10-24 15:47:05 WEST",122368,Unallocated,Allocated,unknown,"/img_image.dd/WINDOWS/system32/dllcache/msobcomm.dll.new",,,application/x-msdownload,new
obrb0408.dll,"0000-00-00 00:00:00","0000-00-00 00:00:00","0000-00-00 00:00:00","0000-00-00 00:00:00",0,Unallocated,,unknown,"/img_image.dd/WINDOWS/system32/dllcache/obrb0408.dll",,,application/octet-stream,dll
obrb0419.dll.new,"2008-04-14 13:00:00 WEST","2013-10-24 15:50:09 WEST","2013-10-24 15:50:09 WEST","2008-04-14 13:00:00 WEST",427008,Unallocated,Allocated,unknown,"/img_image.dd/WINDOWS/system32/dllcache/obrb0419.dll.new",,,application/x-msdownload,new
serwvdrv.dll,"0000-00-00 00:00:00","0000-00-00 00:00:00","0000-00-00 00:00:00","0000-00-00 00:00:00",0,Unallocated,,unknown,"/img_image.dd/WINDOWS/system32/dllcache/serwvdrv.dll",,,application/octet-stream,dll
setup.exe.new,"2008-04-14 13:00:00 WEST","2013-10-24 15:49:54 WEST","2013-10-24 15:49:54 WEST","2008-04-14 13:00:00 WEST",23040,Unallocated,Allocated,unknown,"/img_image.dd/WINDOWS/system32/dllcache/setup.exe.new",,,application/x-msdownload,new
msxml6r.dll,"0000-00-00 00:00:00","0000-00-00 00:00:00","0000-00-00 00:00:00","0000-00-00 00:00:00",0,Unallocated,,unknown,"/img_image.dd/WINDOWS/system32/dllcache/msxml6r.dll",,,application/octet-stream,dll
mtxclu.dll.new,"2008-04-14 13:00:00 WEST","2013-10-24 15:49:45 WEST","2013-10-24 15:49:45 WEST","2008-04-14 13:00:00 WEST",66560,Unallocated,Allocated,unknown,"/img_image.dd/WINDOWS/system32/dllcache/mtxclu.dll.new",,,application/x-msdownload,new
olecnv32.dll,"0000-00-00 00:00:00","0000-00-00 00:00:00","0000-00-00 00:00:00","0000-00-00 00:00:00",0,Unallocated,,unknown,"/img_image.dd/WINDOWS/system32/dllcache/olecnv32.dll",,,application/octet-stream,dll
oobebaln.exe.new,"2008-04-14 13:00:00 WEST","2013-10-24 15:49:48 WEST","2013-10-24 15:49:48 WEST","2013-10-24 15:47:05 WEST",51200,Unallocated,Allocated,unknown,"/img_image.dd/WINDOWS/system32/dllcache/oobebaln.exe.new",,,application/x-msdownload,new
taskmgr.exe,"0000-00-00 00:00:00","0000-00-00 00:00:00","0000-00-00 00:00:00","0000-00-00 00:00:00",0,Unallocated,,unknown,"/img_image.dd/WINDOWS/system32/dllcache/taskmgr.exe",,,application/octet-stream,exe
tcmsetup.exe.new,"2008-04-14 13:00:00 WEST","2013-10-24 15:49:59 WEST","2013-10-24 15:49:59 WEST","2008-04-14 13:00:00 WEST",12288,Unallocated,Allocated,unknown,"/img_image.dd/WINDOWS/system32/dllcache/tcmsetup.exe.new",,,application/x-msdownload,new
agentanm.dll,"0000-00-00 00:00:00","0000-00-00 00:00:00","0000-00-00 00:00:00","0000-00-00 00:00:00",0,Unallocated,,unknown,"/img_image.dd/WINDOWS/system32/dllcache/agentanm.dll",,,application/octet-stream,dll
agt0410.dll,"0000-00-00 00:00:00","0000-00-00 00:00:00","0000-00-00 00:00:00","0000-00-00 00:00:00",0,Unallocated,,unknown,"/img_image.dd/WINDOWS/system32/dllcache/agt0410.dll",,,application/octet-stream,dll
agt041f.dll.new,"2008-04-14 13:00:00 WEST","2013-10-24 15:48:56 WEST","2013-10-24 15:48:56 WEST","2013-10-24 16:32:17 WEST",19456,Unallocated,Allocated,unknown,"/img_image.dd/WINDOWS/system32/dllcache/agt041f.dll.new",,,application/x-msdownload,new
apcups.dll,"0000-00-00 00:00:00","0000-00-00 00:00:00","0000-00-00 00:00:00","0000-00-00 00:00:00",0,Unallocated,,unknown,"/img_image.dd/WINDOWS/system32/dllcache/apcups.dll",,,application/octet-stream,dll
auditusr.exe.new,"2008-04-14 13:00:00 WEST","2013-10-24 15:48:57 WEST","2013-10-24 15:48:57 WEST","2008-04-14 13:00:00 WEST",14336,Unallocated,Allocated,unknown,"/img_image.dd/WINDOWS/system32/dllcache/auditusr.exe.new",,,application/x-msdownload,new
cards.dll,"0000-00-00 00:00:00","0000-00-00 00:00:00","0000-00-00 00:00:00","0000-00-00 00:00:00",0,Unallocated,,unknown,"/img_image.dd/WINDOWS/system32/dllcache/cards.dll",,,application/octet-stream,dll
cdosys.dll.new,"2008-04-14 13:00:00 WEST","2013-10-24 15:49:04 WEST","2013-10-24 15:49:04 WEST","2008-04-14 13:00:00 WEST",2091520,Unallocated,Allocated,unknown,"/img_image.dd/WINDOWS/system32/dllcache/cdosys.dll.new",,,application/x-msdownload,new
convert.exe.new,"0000-00-00 00:00:00","0000-00-00 00:00:00","0000-00-00 00:00:00","0000-00-00 00:00:00",0,Unallocated,,unknown,"/img_image.dd/WINDOWS/system32/dllcache/convert.exe.new",,,application/octet-stream,new
c_1251.nls,"0000-00-00 00:00:00","0000-00-00 00:00:00","0000-00-00 00:00:00","0000-00-00 00:00:00",0,Unallocated,,unknown,"/img_image.dd/WINDOWS/system32/dllcache/c_1251.nls",,,application/octet-stream,nls
c_20261.nls,"0000-00-00 00:00:00","0000-00-00 00:00:00","0000-00-00 00:00:00","0000-00-00 00:00:00",0,Unallocated,,unknown,"/img_image.dd/WINDOWS/system32/dllcache/c_20261.nls",,,application/octet-stream,nls
c_437.nls.new,"2008-04-14 13:00:00 WEST","2013-10-24 15:49:03 WEST","2013-10-24 15:49:03 WEST","2008-04-14 13:00:00 WEST",66594,Unallocated,Allocated,unknown,"/img_image.dd/WINDOWS/system32/dllcache/c_437.nls.new",,,application/x-ms-nls,new
c_874.nls.new,"2008-04-14 13:00:00 WEST","2013-10-24 15:49:04 WEST","2013-10-24 15:49:04 WEST","2008-04-14 13:00:00 WEST",66594,Unallocated,Allocated,unknown,"/img_image.dd/WINDOWS/system32/dllcache/c_874.nls.new",,,application/x-ms-nls,new
datime.dll.new,"2008-04-14 13:00:00 WEST","2013-10-24 15:49:08 WEST","2013-10-24 15:49:08 WEST","2008-04-14 13:00:00 WEST",165376,Unallocated,Allocated,unknown,"/img_image.dd/WINDOWS/system32/dllcache/datime.dll.new",,,application/x-msdownload,new
cimwin32.dll,"0000-00-00 00:00:00","0000-00-00 00:00:00","0000-00-00 00:00:00","0000-00-00 00:00:00",0,Unallocated,,unknown,"/img_image.dd/WINDOWS/system32/dllcache/cimwin32.dll",,,application/octet-stream,dll
clipsrv.exe.new,"2008-04-14 13:00:00 WEST","2013-10-24 15:49:07 WEST","2013-10-24 15:49:07 WEST","2008-04-14 13:00:00 WEST",33280,Unallocated,Allocated,unknown,"/img_image.dd/WINDOWS/system32/dllcache/clipsrv.exe.new",,,application/x-msdownload,new
comcat.dll.new,"2008-04-14 13:00:00 WEST","2013-10-24 15:49:07 WEST","2013-10-24 15:49:07 WEST","2008-04-14 13:00:00 WEST",3584,Unallocated,Allocated,unknown,"/img_image.dd/WINDOWS/system32/dllcache/comcat.dll.new",,,application/x-msdownload,new
cscript.exe,"0000-00-00 00:00:00","0000-00-00 00:00:00","0000-00-00 00:00:00","0000-00-00 00:00:00",0,Unallocated,,unknown,"/img_image.dd/WINDOWS/system32/dllcache/cscript.exe",,,application/octet-stream,exe
ctype.nls.new,"2008-04-14 13:00:00 WEST","2013-10-24 15:49:08 WEST","2013-10-24 15:49:08 WEST","2008-04-14 13:00:00 WEST",8386,Unallocated,Allocated,unknown,"/img_image.dd/WINDOWS/system32/dllcache/ctype.nls.new",,,application/octet-stream,new
deskmon.dll.new,"2008-04-14 13:00:00 WEST","2013-10-24 15:49:09 WEST","2013-10-24 15:49:09 WEST","2008-04-14 13:00:00 WEST",16896,Unallocated,Allocated,unknown,"/img_image.dd/WINDOWS/system32/dllcache/deskmon.dll.new",,,application/x-msdownload,new
deskperf.dll,"0000-00-00 00:00:00","0000-00-00 00:00:00","0000-00-00 00:00:00","0000-00-00 00:00:00",0,Unallocated,,unknown,"/img_image.dd/WINDOWS/system32/dllcache/deskperf.dll",,,application/octet-stream,dll
dialer.exe.new,"2008-04-14 13:00:00 WEST","2013-10-24 15:49:09 WEST","2013-10-24 15:49:09 WEST","2013-10-24 15:44:45 WEST",539136,Unallocated,Allocated,unknown,"/img_image.dd/WINDOWS/system32/dllcache/dialer.exe.new",,,application/x-msdownload,new
fwdprov.dll.new,"2008-04-14 13:00:00 WEST","2013-10-24 15:49:13 WEST","2013-10-24 15:49:13 WEST","2013-10-24 15:45:04 WEST",53248,Unallocated,Allocated,unknown,"/img_image.dd/WINDOWS/system32/dllcache/fwdprov.dll.new",,,application/x-msdownload,new
doskey.exe,"0000-00-00 00:00:00","0000-00-00 00:00:00","0000-00-00 00:00:00","0000-00-00 00:00:00",0,Unallocated,,unknown,"/img_image.dd/WINDOWS/system32/dllcache/doskey.exe",,,application/octet-stream,exe
dot3dlg.dll.new,"2008-04-14 13:00:00 WEST","2013-10-24 15:49:09 WEST","2013-10-24 15:49:09 WEST","2008-04-14 13:00:00 WEST",9216,Unallocated,Allocated,unknown,"/img_image.dd/WINDOWS/system32/dllcache/dot3dlg.dll.new",,,application/x-msdownload,new
dpnmodem.dll,"0000-00-00 00:00:00","0000-00-00 00:00:00","0000-00-00 00:00:00","0000-00-00 00:00:00",0,Unallocated,,unknown,"/img_image.dd/WINDOWS/system32/dllcache/dpnmodem.dll",,,application/octet-stream,dll
dpvacm.dll.new,"2008-04-14 13:00:00 WEST","2013-10-24 15:49:10 WEST","2013-10-24 15:49:10 WEST","2008-04-14 13:00:00 WEST",21504,Unallocated,Allocated,unknown,"/img_image.dd/WINDOWS/system32/dllcache/dpvacm.dll.new",,,application/x-msdownload,new
dsprop.dll.new,"2008-04-14 13:00:00 WEST","2013-10-24 15:49:10 WEST","2013-10-24 15:49:10 WEST","2008-04-14 13:00:00 WEST",142848,Unallocated,Allocated,unknown,"/img_image.dd/WINDOWS/system32/dllcache/dsprop.dll.new",,,application/x-msdownload,new
dwil1033.dll,"0000-00-00 00:00:00","0000-00-00 00:00:00","0000-00-00 00:00:00","0000-00-00 00:00:00",0,Unallocated,,unknown,"/img_image.dd/WINDOWS/system32/dllcache/dwil1033.dll",,,application/octet-stream,dll
dxtrans.dll.new,"2008-04-14 13:00:00 WEST","2013-10-24 15:49:11 WEST","2013-10-24 15:49:11 WEST","2008-04-14 13:00:00 WEST",205312,Unallocated,Allocated,unknown,"/img_image.dd/WINDOWS/system32/dllcache/dxtrans.dll.new",,,application/x-msdownload,new
esent97.dll.new,"2008-04-14 13:00:00 WEST","2013-10-24 15:49:11 WEST","2013-10-24 15:49:11 WEST","2008-04-14 13:00:00 WEST",1114896,Unallocated,Allocated,unknown,"/img_image.dd/WINDOWS/system32/dllcache/esent97.dll.new",,,application/x-msdownload,new
evcreate.exe,"0000-00-00 00:00:00","0000-00-00 00:00:00","0000-00-00 00:00:00","0000-00-00 00:00:00",0,Unallocated,,unknown,"/img_image.dd/WINDOWS/system32/dllcache/evcreate.exe",,,application/octet-stream,exe
exe2bin.exe.new,"2008-04-14 13:00:00 WEST","2013-10-24 15:49:12 WEST","2013-10-24 15:49:11 WEST","2008-04-14 13:00:00 WEST",8424,Unallocated,Allocated,unknown,"/img_image.dd/WINDOWS/system32/dllcache/exe2bin.exe.new",,,application/x-msdownload,new
find.exe.new,"2008-04-14 13:00:00 WEST","2013-10-24 15:49:12 WEST","2013-10-24 15:49:12 WEST","2008-04-14 13:00:00 WEST",9216,Unallocated,Allocated,unknown,"/img_image.dd/WINDOWS/system32/dllcache/find.exe.new",,,application/x-msdownload,new
fxstiff.dll,"0000-00-00 00:00:00","0000-00-00 00:00:00","0000-00-00 00:00:00","0000-00-00 00:00:00",0,Unallocated,,unknown,"/img_image.dd/WINDOWS/system32/dllcache/fxstiff.dll",,,application/octet-stream,dll
gpupdate.exe.new,"2008-04-14 13:00:00 WEST","2013-10-24 15:49:14 WEST","2013-10-24 15:49:14 WEST","2008-04-14 13:00:00 WEST",57344,Unallocated,Allocated,unknown,"/img_image.dd/WINDOWS/system32/dllcache/gpupdate.exe.new",,,application/x-msdownload,new
grpconv.exe,"0000-00-00 00:00:00","0000-00-00 00:00:00","0000-00-00 00:00:00","0000-00-00 00:00:00",0,Unallocated,,unknown,"/img_image.dd/WINDOWS/system32/dllcache/grpconv.exe",,,application/octet-stream,exe
hidphone.tsp.new,"2008-04-14 13:00:00 WEST","2013-10-24 15:49:16 WEST","2013-10-24 15:49:15 WEST","2008-04-14 13:00:00 WEST",29696,Unallocated,Allocated,unknown,"/img_image.dd/WINDOWS/system32/dllcache/hidphone.tsp.new",,,application/x-msdownload,new
icwrmind.exe,"0000-00-00 00:00:00","0000-00-00 00:00:00","0000-00-00 00:00:00","0000-00-00 00:00:00",0,Unallocated,,unknown,"/img_image.dd/WINDOWS/system32/dllcache/icwrmind.exe",,,application/octet-stream,exe
icwtutor.exe.new,"2008-04-14 13:00:00 WEST","2013-10-24 15:49:24 WEST","2013-10-24 15:49:24 WEST","2013-10-24 15:47:25 WEST",73728,Unallocated,Allocated,unknown,"/img_image.dd/WINDOWS/system32/dllcache/icwtutor.exe.new",,,application/x-msdownload,new
igmpagnt.dll,"0000-00-00 00:00:00","0000-00-00 00:00:00","0000-00-00 00:00:00","0000-00-00 00:00:00",0,Unallocated,,unknown,"/img_image.dd/WINDOWS/system32/dllcache/igmpagnt.dll",,,application/octet-stream,dll
iis.dll.new,"2008-04-14 13:00:00 WEST","2013-10-24 15:49:24 WEST","2013-10-24 15:49:24 WEST","2008-04-14 13:00:00 WEST",505344,Unallocated,Allocated,unknown,"/img_image.dd/WINDOWS/system32/dllcache/iis.dll.new",,,application/x-msdownload,new
imagehlp.dll,"0000-00-00 00:00:00","0000-00-00 00:00:00","0000-00-00 00:00:00","0000-00-00 00:00:00",0,Unallocated,,unknown,"/img_image.dd/WINDOWS/system32/dllcache/imagehlp.dll",,,application/octet-stream,dll
imjpinst.exe,"0000-00-00 00:00:00","0000-00-00 00:00:00","0000-00-00 00:00:00","0000-00-00 00:00:00",0,Unallocated,,unknown,"/img_image.dd/WINDOWS/system32/dllcache/imjpinst.exe",,,application/octet-stream,exe
inseng.dll.new,"2008-04-14 13:00:00 WEST","2013-10-24 15:49:27 WEST","2013-10-24 15:49:27 WEST","2008-04-14 13:00:00 WEST",96256,Unallocated,Allocated,unknown,"/img_image.dd/WINDOWS/system32/dllcache/inseng.dll.new",,,application/x-msdownload,new
ipconfig.exe,"0000-00-00 00:00:00","0000-00-00 00:00:00","0000-00-00 00:00:00","0000-00-00 00:00:00",0,Unallocated,,unknown,"/img_image.dd/WINDOWS/system32/dllcache/ipconfig.exe",,,application/octet-stream,exe
ipsecsvc.dll.new,"2008-04-14 13:00:00 WEST","2013-10-24 15:49:27 WEST","2013-10-24 15:49:27 WEST","2008-04-14 13:00:00 WEST",183808,Unallocated,Allocated,unknown,"/img_image.dd/WINDOWS/system32/dllcache/ipsecsvc.dll.new",,,application/x-msdownload,new
ipxmontr.dll,"0000-00-00 00:00:00","0000-00-00 00:00:00","0000-00-00 00:00:00","0000-00-00 00:00:00",0,Unallocated,,unknown,"/img_image.dd/WINDOWS/system32/dllcache/ipxmontr.dll",,,application/octet-stream,dll
kbdgeo.dll,"0000-00-00 00:00:00","0000-00-00 00:00:00","0000-00-00 00:00:00","0000-00-00 00:00:00",0,Unallocated,,unknown,"/img_image.dd/WINDOWS/system32/dllcache/kbdgeo.dll",,,application/octet-stream,dll
kbdgr.dll.new,"2008-04-14 13:00:00 WEST","2013-10-24 15:49:28 WEST","2013-10-24 15:49:28 WEST","2008-04-14 13:00:00 WEST",6144,Unallocated,Allocated,unknown,"/img_image.dd/WINDOWS/system32/dllcache/kbdgr.dll.new",,,application/x-msdownload,new
kbdinhin.dll,"0000-00-00 00:00:00","0000-00-00 00:00:00","0000-00-00 00:00:00","0000-00-00 00:00:00",0,Unallocated,,unknown,"/img_image.dd/WINDOWS/system32/dllcache/kbdinhin.dll",,,application/octet-stream,dll
kbdinmal.dll.new,"2008-04-14 13:00:00 WEST","2013-10-24 15:49:29 WEST","2013-10-24 15:49:28 WEST","2008-04-14 13:00:00 WEST",6656,Unallocated,Allocated,unknown,"/img_image.dd/WINDOWS/system32/dllcache/kbdinmal.dll.new",,,application/x-msdownload,new
kbdlv1.dll,"0000-00-00 00:00:00","0000-00-00 00:00:00","0000-00-00 00:00:00","0000-00-00 00:00:00",0,Unallocated,,unknown,"/img_image.dd/WINDOWS/system32/dllcache/kbdlv1.dll",,,application/octet-stream,dll
kbdmlt47.dll.new,"2008-04-14 13:00:00 WEST","2013-10-24 15:49:29 WEST","2013-10-24 15:49:29 WEST","2008-04-14 13:00:00 WEST",6144,Unallocated,Allocated,unknown,"/img_image.dd/WINDOWS/system32/dllcache/kbdmlt47.dll.new",,,application/x-msdownload,new
kbdru.dll,"0000-00-00 00:00:00","0000-00-00 00:00:00","0000-00-00 00:00:00","0000-00-00 00:00:00",0,Unallocated,,unknown,"/img_image.dd/WINDOWS/system32/dllcache/kbdru.dll",,,application/octet-stream,dll
kbdsl1.dll.new,"2008-04-14 13:00:00 WEST","2013-10-24 15:49:29 WEST","2013-10-24 15:49:29 WEST","2013-10-24 16:32:12 WEST",6656,Unallocated,Allocated,unknown,"/img_image.dd/WINDOWS/system32/dllcache/kbdsl1.dll.new",,,application/x-msdownload,new
kbdukx.dll,"0000-00-00 00:00:00","0000-00-00 00:00:00","0000-00-00 00:00:00","0000-00-00 00:00:00",0,Unallocated,,unknown,"/img_image.dd/WINDOWS/system32/dllcache/kbdukx.dll",,,application/octet-stream,dll
kbdusl.dll.new,"2008-04-14 13:00:00 WEST","2013-10-24 15:49:29 WEST","2013-10-24 15:49:29 WEST","2008-04-14 13:00:00 WEST",6144,Unallocated,Allocated,unknown,"/img_image.dd/WINDOWS/system32/dllcache/kbdusl.dll.new",,,application/x-msdownload,new
keymgr.dll,"0000-00-00 00:00:00","0000-00-00 00:00:00","0000-00-00 00:00:00","0000-00-00 00:00:00",0,Unallocated,,unknown,"/img_image.dd/WINDOWS/system32/dllcache/keymgr.dll",,,application/octet-stream,dll
krnlprov.dll.new,"2008-04-14 13:00:00 WEST","2013-10-24 15:49:30 WEST","2013-10-24 15:49:30 WEST","2013-10-24 15:44:30 WEST",24576,Unallocated,Allocated,unknown,"/img_image.dd/WINDOWS/system32/dllcache/krnlprov.dll.new",,,application/x-msdownload,new
localsec.dll.new,"2008-04-14 13:00:00 WEST","2013-10-24 15:49:30 WEST","2013-10-24 15:49:30 WEST","2008-04-14 13:00:00 WEST",221696,Unallocated,Allocated,unknown,"/img_image.dd/WINDOWS/system32/dllcache/localsec.dll.new",,,application/x-msdownload,new
lonsint.dll,"0000-00-00 00:00:00","0000-00-00 00:00:00","0000-00-00 00:00:00","0000-00-00 00:00:00",0,Unallocated,,unknown,"/img_image.dd/WINDOWS/system32/dllcache/lonsint.dll",,,application/octet-stream,dll
lsass.exe.new,"2008-04-14 13:00:00 WEST","2013-10-24 15:49:31 WEST","2013-10-24 15:49:31 WEST","2008-04-14 13:00:00 WEST",13312,Unallocated,Allocated,unknown,"/img_image.dd/WINDOWS/system32/dllcache/lsass.exe.new",,,application/x-msdownload,new
mciole32.dll.new,"2008-04-14 13:00:00 WEST","2013-10-24 15:49:31 WEST","2013-10-24 15:49:31 WEST","2008-04-14 13:00:00 WEST",7680,Unallocated,Allocated,unknown,"/img_image.dd/WINDOWS/system32/dllcache/mciole32.dll.new",,,application/x-msdownload,new
mofd.dll,"0000-00-00 00:00:00","0000-00-00 00:00:00","0000-00-00 00:00:00","0000-00-00 00:00:00",0,Unallocated,,unknown,"/img_image.dd/WINDOWS/system32/dllcache/mofd.dll",,,application/octet-stream,dll
moricons.dll.new,"2008-04-14 13:00:00 WEST","2013-10-24 15:49:36 WEST","2013-10-24 15:49:36 WEST","2008-04-14 13:00:00 WEST",216064,Unallocated,Allocated,unknown,"/img_image.dd/WINDOWS/system32/dllcache/moricons.dll.new",,,application/x-msdownload,new
mprmsg.dll,"0000-00-00 00:00:00","0000-00-00 00:00:00","0000-00-00 00:00:00","0000-00-00 00:00:00",0,Unallocated,,unknown,"/img_image.dd/WINDOWS/system32/dllcache/mprmsg.dll",,,application/octet-stream,dll
mqac.sys.new,"2008-04-14 13:00:00 WEST","2013-10-24 15:49:36 WEST","2013-10-24 15:49:36 WEST","2008-04-14 13:00:00 WEST",92544,Unallocated,Allocated,unknown,"/img_image.dd/WINDOWS/system32/dllcache/mqac.sys.new",,,application/x-msdownload,new
mqsnap.dll,"0000-00-00 00:00:00","0000-00-00 00:00:00","0000-00-00 00:00:00","0000-00-00 00:00:00",0,Unallocated,,unknown,"/img_image.dd/WINDOWS/system32/dllcache/mqsnap.dll",,,application/octet-stream,dll
mqtrig.dll.new,"2008-04-14 13:00:00 WEST","2013-10-24 15:49:37 WEST","2013-10-24 15:49:37 WEST","2008-04-14 13:00:00 WEST",187392,Unallocated,Allocated,unknown,"/img_image.dd/WINDOWS/system32/dllcache/mqtrig.dll.new",,,application/x-msdownload,new
msdtc.exe,"0000-00-00 00:00:00","0000-00-00 00:00:00","0000-00-00 00:00:00","0000-00-00 00:00:00",0,Unallocated,,unknown,"/img_image.dd/WINDOWS/system32/dllcache/msdtc.exe",,,application/octet-stream,exe
mshearts.exe.new,"2008-04-14 13:00:00 WEST","2013-10-24 15:49:39 WEST","2013-10-24 15:49:39 WEST","2013-10-24 15:45:09 WEST",126976,Unallocated,Allocated,unknown,"/img_image.dd/WINDOWS/system32/dllcache/mshearts.exe.new",,,application/x-msdownload,new
msoobe.exe,"0000-00-00 00:00:00","0000-00-00 00:00:00","0000-00-00 00:00:00","0000-00-00 00:00:00",0,Unallocated,,unknown,"/img_image.dd/WINDOWS/system32/dllcache/msoobe.exe",,,application/octet-stream,exe
msr2cenu.dll.new,"2008-04-14 13:00:00 WEST","2013-10-24 15:49:43 WEST","2013-10-24 15:49:43 WEST","2008-04-14 13:00:00 WEST",7168,Unallocated,Allocated,unknown,"/img_image.dd/WINDOWS/system32/dllcache/msr2cenu.dll.new",,,application/x-msdownload,new
msscds32.ax,"0000-00-00 00:00:00","0000-00-00 00:00:00","0000-00-00 00:00:00","0000-00-00 00:00:00",0,Unallocated,,unknown,"/img_image.dd/WINDOWS/system32/dllcache/msscds32.ax",,,application/octet-stream,ax
mstinit.exe.new,"2008-04-14 13:00:00 WEST","2013-10-24 15:49:44 WEST","2013-10-24 15:49:44 WEST","2013-10-24 15:46:53 WEST",12288,Unallocated,Allocated,unknown,"/img_image.dd/WINDOWS/system32/dllcache/mstinit.exe.new",,,application/x-msdownload,new
narrator.exe,"0000-00-00 00:00:00","0000-00-00 00:00:00","0000-00-00 00:00:00","0000-00-00 00:00:00",0,Unallocated,,unknown,"/img_image.dd/WINDOWS/system32/dllcache/narrator.exe",,,application/octet-stream,exe
ncprov.dll.new,"2008-04-14 13:00:00 WEST","2013-10-24 15:49:45 WEST","2013-10-24 15:49:45 WEST","2013-10-24 15:44:30 WEST",47104,Unallocated,Allocated,unknown,"/img_image.dd/WINDOWS/system32/dllcache/ncprov.dll.new",,,application/x-msdownload,new
neth.dll.new,"2008-04-14 13:00:00 WEST","2013-10-24 15:49:46 WEST","2013-10-24 15:49:46 WEST","2008-04-14 13:00:00 WEST",253952,Unallocated,Allocated,unknown,"/img_image.dd/WINDOWS/system32/dllcache/neth.dll.new",,,application/x-msdownload,new
netshell.dll,"0000-00-00 00:00:00","0000-00-00 00:00:00","0000-00-00 00:00:00","0000-00-00 00:00:00",0,Unallocated,,unknown,"/img_image.dd/WINDOWS/system32/dllcache/netshell.dll",,,application/octet-stream,dll
nls302en.lex.new,"2008-04-14 13:00:00 WEST","2013-10-24 15:49:46 WEST","2013-10-24 15:49:46 WEST","2013-10-24 15:47:43 WEST",4399505,Unallocated,Allocated,unknown,"/img_image.dd/WINDOWS/system32/dllcache/nls302en.lex.new",,,application/octet-stream,new
nmwb.dll,"0000-00-00 00:00:00","0000-00-00 00:00:00","0000-00-00 00:00:00","0000-00-00 00:00:00",0,Unallocated,,unknown,"/img_image.dd/WINDOWS/system32/dllcache/nmwb.dll",,,application/octet-stream,dll
nslookup.exe.new,"2008-04-14 13:00:00 WEST","2013-10-24 15:49:47 WEST","2013-10-24 15:49:47 WEST","2008-04-14 13:00:00 WEST",76800,Unallocated,Allocated,unknown,"/img_image.dd/WINDOWS/system32/dllcache/nslookup.exe.new",,,application/x-msdownload,new
ntdos412.sys,"0000-00-00 00:00:00","0000-00-00 00:00:00","0000-00-00 00:00:00","0000-00-00 00:00:00",0,Unallocated,,unknown,"/img_image.dd/WINDOWS/system32/dllcache/ntdos412.sys",,,application/octet-stream,sys
ntmarta.dll.new,"2008-04-14 13:00:00 WEST","2013-10-24 15:49:47 WEST","2013-10-24 15:49:47 WEST","2008-04-14 13:00:00 WEST",118784,Unallocated,Allocated,unknown,"/img_image.dd/WINDOWS/system32/dllcache/ntmarta.dll.new",,,application/x-msdownload,new
p2pnetsh.dll,"0000-00-00 00:00:00","0000-00-00 00:00:00","0000-00-00 00:00:00","0000-00-00 00:00:00",0,Unallocated,,unknown,"/img_image.dd/WINDOWS/system32/dllcache/p2pnetsh.dll",,,application/octet-stream,dll
partmgr.sys.new,"2008-04-14 13:00:00 WEST","2013-10-24 15:49:48 WEST","2013-10-24 15:49:48 WEST","2008-04-14 13:00:00 WEST",19712,Unallocated,Allocated,unknown,"/img_image.dd/WINDOWS/system32/dllcache/partmgr.sys.new",,,application/x-msdownload,new
perfdisk.dll,"0000-00-00 00:00:00","0000-00-00 00:00:00","0000-00-00 00:00:00","0000-00-00 00:00:00",0,Unallocated,,unknown,"/img_image.dd/WINDOWS/system32/dllcache/perfdisk.dll",,,application/octet-stream,dll
pid.inf.new,"2008-04-14 13:00:00 WEST","2013-10-24 15:49:49 WEST","2013-10-24 15:49:49 WEST","2008-04-14 13:00:00 WEST",974,Unallocated,Allocated,unknown,"/img_image.dd/WINDOWS/system32/dllcache/pid.inf.new",,,text/plain,new
polstore.dll.new,"2008-04-14 13:00:00 WEST","2013-10-24 15:49:50 WEST","2013-10-24 15:49:50 WEST","2008-04-14 13:00:00 WEST",105472,Unallocated,Allocated,unknown,"/img_image.dd/WINDOWS/system32/dllcache/polstore.dll.new",,,application/x-msdownload,new
prncnfg.vbs,"0000-00-00 00:00:00","0000-00-00 00:00:00","0000-00-00 00:00:00","0000-00-00 00:00:00",0,Unallocated,,unknown,"/img_image.dd/WINDOWS/system32/dllcache/prncnfg.vbs",,,application/octet-stream,vbs
provthrd.dll.new,"2008-04-14 13:00:00 WEST","2013-10-24 15:49:50 WEST","2013-10-24 15:49:50 WEST","2013-10-24 15:44:31 WEST",237056,Unallocated,Allocated,unknown,"/img_image.dd/WINDOWS/system32/dllcache/provthrd.dll.new",,,application/x-msdownload,new
ptilink.sys,"0000-00-00 00:00:00","0000-00-00 00:00:00","0000-00-00 00:00:00","0000-00-00 00:00:00",0,Unallocated,,unknown,"/img_image.dd/WINDOWS/system32/dllcache/ptilink.sys",,,application/octet-stream,sys
qagent.dll.new,"2008-04-14 13:00:00 WEST","2013-10-24 15:49:50 WEST","2013-10-24 15:49:50 WEST","2008-04-14 13:00:00 WEST",150528,Unallocated,Allocated,unknown,"/img_image.dd/WINDOWS/system32/dllcache/qagent.dll.new",,,application/x-msdownload,new
query.exe,"0000-00-00 00:00:00","0000-00-00 00:00:00","0000-00-00 00:00:00","0000-00-00 00:00:00",0,Unallocated,,unknown,"/img_image.dd/WINDOWS/system32/dllcache/query.exe",,,application/octet-stream,exe
rasapi32.dll.new,"2008-04-14 13:00:00 WEST","2013-10-24 15:49:51 WEST","2013-10-24 15:49:51 WEST","2008-04-14 13:00:00 WEST",237056,Unallocated,Allocated,unknown,"/img_image.dd/WINDOWS/system32/dllcache/rasapi32.dll.new",,,application/x-msdownload,new
rasmans.dll,"0000-00-00 00:00:00","0000-00-00 00:00:00","0000-00-00 00:00:00","0000-00-00 00:00:00",0,Unallocated,,unknown,"/img_image.dd/WINDOWS/system32/dllcache/rasmans.dll",,,application/octet-stream,dll
rassapi.dll.new,"2008-04-14 13:00:00 WEST","2013-10-24 15:49:51 WEST","2013-10-24 15:49:51 WEST","2008-04-14 13:00:00 WEST",16384,Unallocated,Allocated,unknown,"/img_image.dd/WINDOWS/system32/dllcache/rassapi.dll.new",,,application/x-msdownload,new
rdchost.dll,"0000-00-00 00:00:00","0000-00-00 00:00:00","0000-00-00 00:00:00","0000-00-00 00:00:00",0,Unallocated,,unknown,"/img_image.dd/WINDOWS/system32/dllcache/rdchost.dll",,,application/octet-stream,dll
recover.exe.new,"2008-04-14 13:00:00 WEST","2013-10-24 15:49:52 WEST","2013-10-24 15:49:52 WEST","2008-04-14 13:00:00 WEST",7168,Unallocated,Allocated,unknown,"/img_image.dd/WINDOWS/system32/dllcache/recover.exe.new",,,application/x-msdownload,new
regsvr32.exe,"0000-00-00 00:00:00","0000-00-00 00:00:00","0000-00-00 00:00:00","0000-00-00 00:00:00",0,Unallocated,,unknown,"/img_image.dd/WINDOWS/system32/dllcache/regsvr32.exe",,,application/octet-stream,exe
resutils.dll.new,"2008-04-14 13:00:00 WEST","2013-10-24 15:49:52 WEST","2013-10-24 15:49:52 WEST","2008-04-14 13:00:00 WEST",58880,Unallocated,Allocated,unknown,"/img_image.dd/WINDOWS/system32/dllcache/resutils.dll.new",,,application/x-msdownload,new
rootmdm.sys,"0000-00-00 00:00:00","0000-00-00 00:00:00","0000-00-00 00:00:00","0000-00-00 00:00:00",0,Unallocated,,unknown,"/img_image.dd/WINDOWS/system32/dllcache/rootmdm.sys",,,application/octet-stream,sys
rsm.exe.new,"2008-04-14 13:00:00 WEST","2013-10-24 15:49:52 WEST","2013-10-24 15:49:52 WEST","2008-04-14 13:00:00 WEST",49152,Unallocated,Allocated,unknown,"/img_image.dd/WINDOWS/system32/dllcache/rsm.exe.new",,,application/x-msdownload,new
rsvp.exe,"0000-00-00 00:00:00","0000-00-00 00:00:00","0000-00-00 00:00:00","0000-00-00 00:00:00",0,Unallocated,,unknown,"/img_image.dd/WINDOWS/system32/dllcache/rsvp.exe",,,application/octet-stream,exe
rvsezm.exe.new,"2008-04-14 13:00:00 WEST","2013-10-24 15:49:53 WEST","2013-10-24 15:49:53 WEST","2013-10-24 15:45:42 WEST",42574,Unallocated,Allocated,unknown,"/img_image.dd/WINDOWS/system32/dllcache/rvsezm.exe.new",,,application/x-msdownload,new
rwnh.dll,"0000-00-00 00:00:00","0000-00-00 00:00:00","0000-00-00 00:00:00","0000-00-00 00:00:00",0,Unallocated,,unknown,"/img_image.dd/WINDOWS/system32/dllcache/rwnh.dll",,,application/octet-stream,dll
scardssp.dll.new,"2008-04-14 13:00:00 WEST","2013-10-24 15:49:53 WEST","2013-10-24 15:49:53 WEST","2008-04-14 13:00:00 WEST",118784,Unallocated,Allocated,unknown,"/img_image.dd/WINDOWS/system32/dllcache/scardssp.dll.new",,,application/x-msdownload,new
shfolder.dll,"0000-00-00 00:00:00","0000-00-00 00:00:00","0000-00-00 00:00:00","0000-00-00 00:00:00",0,Unallocated,,unknown,"/img_image.dd/WINDOWS/system32/dllcache/shfolder.dll",,,application/octet-stream,dll
shrpubw.exe.new,"2008-04-14 13:00:00 WEST","2013-10-24 15:49:54 WEST","2013-10-24 15:49:54 WEST","2008-04-14 13:00:00 WEST",77824,Unallocated,Allocated,unknown,"/img_image.dd/WINDOWS/system32/dllcache/shrpubw.exe.new",,,application/x-msdownload,new
sigverif.exe,"0000-00-00 00:00:00","0000-00-00 00:00:00","0000-00-00 00:00:00","0000-00-00 00:00:00",0,Unallocated,,unknown,"/img_image.dd/WINDOWS/system32/dllcache/sigverif.exe",,,application/octet-stream,exe
sm93w.dll,"0000-00-00 00:00:00","0000-00-00 00:00:00","0000-00-00 00:00:00","0000-00-00 00:00:00",0,Unallocated,,unknown,"/img_image.dd/WINDOWS/system32/dllcache/sm93w.dll",,,application/octet-stream,dll
smlogsvc.exe.new,"2008-04-14 13:00:00 WEST","2013-10-24 15:49:56 WEST","2013-10-24 15:49:56 WEST","2008-04-14 13:00:00 WEST",89600,Unallocated,Allocated,unknown,"/img_image.dd/WINDOWS/system32/dllcache/smlogsvc.exe.new",,,application/x-msdownload,new
sndvol32.exe,"0000-00-00 00:00:00","0000-00-00 00:00:00","0000-00-00 00:00:00","0000-00-00 00:00:00",0,Unallocated,,unknown,"/img_image.dd/WINDOWS/system32/dllcache/sndvol32.exe",,,application/octet-stream,exe
sound.drv,"0000-00-00 00:00:00","0000-00-00 00:00:00","0000-00-00 00:00:00","0000-00-00 00:00:00",0,Unallocated,,unknown,"/img_image.dd/WINDOWS/system32/dllcache/sound.drv",,,application/octet-stream,drv
sqldb20.dll.new,"2008-04-14 13:00:00 WEST","2013-10-24 15:49:58 WEST","2013-10-24 15:49:58 WEST","2008-04-14 13:00:00 WEST",151552,Unallocated,Allocated,unknown,"/img_image.dd/WINDOWS/system32/dllcache/sqldb20.dll.new",,,application/x-msdownload,new
spra040D.dll,"0000-00-00 00:00:00","0000-00-00 00:00:00","0000-00-00 00:00:00","0000-00-00 00:00:00",0,Unallocated,,unknown,"/img_image.dd/WINDOWS/system32/dllcache/spra040D.dll",,,application/octet-stream,dll
spra0416.dll.new,"2008-04-14 13:00:00 WEST","2013-10-24 15:50:10 WEST","2013-10-24 15:50:10 WEST","2008-04-14 13:00:00 WEST",192512,Unallocated,Allocated,unknown,"/img_image.dd/WINDOWS/system32/dllcache/spra0416.dll.new",,,application/x-msdownload,new
ssmyst.scr,"0000-00-00 00:00:00","0000-00-00 00:00:00","0000-00-00 00:00:00","0000-00-00 00:00:00",0,Unallocated,,unknown,"/img_image.dd/WINDOWS/system32/dllcache/ssmyst.scr",,,application/octet-stream,scr
stobject.dll.new,"2008-04-14 13:00:00 WEST","2013-10-24 15:49:58 WEST","2013-10-24 15:49:58 WEST","2008-04-14 13:00:00 WEST",121856,Unallocated,Allocated,unknown,"/img_image.dd/WINDOWS/system32/dllcache/stobject.dll.new",,,application/x-msdownload,new
termsrv.dll,"0000-00-00 00:00:00","0000-00-00 00:00:00","0000-00-00 00:00:00","0000-00-00 00:00:00",0,Unallocated,,unknown,"/img_image.dd/WINDOWS/system32/dllcache/termsrv.dll",,,application/octet-stream,dll
tracerpt.exe,"0000-00-00 00:00:00","0000-00-00 00:00:00","0000-00-00 00:00:00","0000-00-00 00:00:00",0,Unallocated,,unknown,"/img_image.dd/WINDOWS/system32/dllcache/tracerpt.exe",,,application/octet-stream,exe
tracert6.exe.new,"2008-04-14 13:00:00 WEST","2013-10-24 15:50:01 WEST","2013-10-24 15:50:01 WEST","2008-04-14 13:00:00 WEST",31744,Unallocated,Allocated,unknown,"/img_image.dd/WINDOWS/system32/dllcache/tracert6.exe.new",,,application/x-msdownload,new
tsprof.exe,"0000-00-00 00:00:00","0000-00-00 00:00:00","0000-00-00 00:00:00","0000-00-00 00:00:00",0,Unallocated,,unknown,"/img_image.dd/WINDOWS/system32/dllcache/tsprof.exe",,,application/octet-stream,exe
twain_32.dll.new,"2008-04-14 13:00:00 WEST","2013-10-24 15:50:01 WEST","2013-10-24 15:50:01 WEST","2008-04-14 13:00:00 WEST",50688,Unallocated,Allocated,unknown,"/img_image.dd/WINDOWS/system32/dllcache/twain_32.dll.new",,,application/x-msdownload,new
unsecapp.exe.new,"2008-04-14 13:00:00 WEST","2013-10-24 15:50:01 WEST","2013-10-24 15:50:01 WEST","2013-10-24 15:45:04 WEST",16896,Unallocated,Allocated,unknown,"/img_image.dd/WINDOWS/system32/dllcache/unsecapp.exe.new",,,application/x-msdownload,new
utilman.exe.new,"2008-04-14 13:00:00 WEST","2013-10-24 15:50:02 WEST","2013-10-24 15:50:02 WEST","2008-04-14 13:00:00 WEST",50176,Unallocated,Allocated,unknown,"/img_image.dd/WINDOWS/system32/dllcache/utilman.exe.new",,,application/x-msdownload,new
vjoy.dll.new,"2008-04-14 13:00:00 WEST","2013-10-24 15:50:02 WEST","2013-10-24 15:50:02 WEST","2008-04-14 13:00:00 WEST",4608,Unallocated,Allocated,unknown,"/img_image.dd/WINDOWS/system32/dllcache/vjoy.dll.new",,,application/x-msdownload,new
vssapi.dll,"0000-00-00 00:00:00","0000-00-00 00:00:00","0000-00-00 00:00:00","0000-00-00 00:00:00",0,Unallocated,,unknown,"/img_image.dd/WINDOWS/system32/dllcache/vssapi.dll",,,application/octet-stream,dll
wbemcore.dll.new,"2008-04-14 13:00:00 WEST","2013-10-24 15:50:04 WEST","2013-10-24 15:50:04 WEST","2013-10-24 15:44:31 WEST",531456,Unallocated,Allocated,unknown,"/img_image.dd/WINDOWS/system32/dllcache/wbemcore.dll.new",,,application/x-msdownload,new
wbemsvc.dll,"0000-00-00 00:00:00","0000-00-00 00:00:00","0000-00-00 00:00:00","0000-00-00 00:00:00",0,Unallocated,,unknown,"/img_image.dd/WINDOWS/system32/dllcache/wbemsvc.dll",,,application/octet-stream,dll
wiadefui.dll.new,"2008-04-14 13:00:00 WEST","2013-10-24 15:50:04 WEST","2013-10-24 15:50:04 WEST","2008-04-14 13:00:00 WEST",463360,Unallocated,Allocated,unknown,"/img_image.dd/WINDOWS/system32/dllcache/wiadefui.dll.new",,,application/x-msdownload,new
wiavideo.dll,"0000-00-00 00:00:00","0000-00-00 00:00:00","0000-00-00 00:00:00","0000-00-00 00:00:00",0,Unallocated,,unknown,"/img_image.dd/WINDOWS/system32/dllcache/wiavideo.dll",,,application/octet-stream,dll
winhttp.dll.new,"2008-04-14 13:00:00 WEST","2013-10-24 15:50:04 WEST","2013-10-24 15:50:04 WEST","2008-04-14 13:00:00 WEST",354304,Unallocated,Allocated,unknown,"/img_image.dd/WINDOWS/system32/dllcache/winhttp.dll.new",,,application/x-msdownload,new
winmgmt.exe,"0000-00-00 00:00:00","0000-00-00 00:00:00","0000-00-00 00:00:00","0000-00-00 00:00:00",0,Unallocated,,unknown,"/img_image.dd/WINDOWS/system32/dllcache/winmgmt.exe",,,application/octet-stream,exe
winsta.dll.new,"2008-04-14 13:00:00 WEST","2013-10-24 15:50:05 WEST","2013-10-24 15:50:05 WEST","2008-04-14 13:00:00 WEST",53760,Unallocated,Allocated,unknown,"/img_image.dd/WINDOWS/system32/dllcache/winsta.dll.new",,,application/x-msdownload,new
winver.exe,"0000-00-00 00:00:00","0000-00-00 00:00:00","0000-00-00 00:00:00","0000-00-00 00:00:00",0,Unallocated,,unknown,"/img_image.dd/WINDOWS/system32/dllcache/winver.exe",,,application/octet-stream,exe
wmiapres.dll.new,"2008-04-14 13:00:00 WEST","2013-10-24 15:50:06 WEST","2013-10-24 15:50:06 WEST","2013-10-24 15:44:32 WEST",6656,Unallocated,Allocated,unknown,"/img_image.dd/WINDOWS/system32/dllcache/wmiapres.dll.new",,,application/x-msdownload,new
wmiaprpl.dll,"0000-00-00 00:00:00","0000-00-00 00:00:00","0000-00-00 00:00:00","0000-00-00 00:00:00",0,Unallocated,,unknown,"/img_image.dd/WINDOWS/system32/dllcache/wmiaprpl.dll",,,application/octet-stream,dll
wmiscmgr.dll.new,"2008-04-14 13:00:00 WEST","2013-10-24 15:50:06 WEST","2013-10-24 15:50:06 WEST","2008-04-14 13:00:00 WEST",55808,Unallocated,Allocated,unknown,"/img_image.dd/WINDOWS/system32/dllcache/wmiscmgr.dll.new",,,application/x-msdownload,new
wmpdxm.dll.new,"2008-04-14 13:00:00 WEST","2013-10-24 15:50:07 WEST","2013-10-24 15:50:07 WEST","2008-04-14 13:00:00 WEST",233472,Unallocated,Allocated,unknown,"/img_image.dd/WINDOWS/system32/dllcache/wmpdxm.dll.new",,,application/x-msdownload,new
wmplayer.exe,"0000-00-00 00:00:00","0000-00-00 00:00:00","0000-00-00 00:00:00","0000-00-00 00:00:00",0,Unallocated,,unknown,"/img_image.dd/WINDOWS/system32/dllcache/wmplayer.exe",,,application/octet-stream,exe
wowdeb.exe.new,"2008-04-14 13:00:00 WEST","2013-10-24 15:50:08 WEST","2013-10-24 15:50:08 WEST","2008-04-14 13:00:00 WEST",2736,Unallocated,Allocated,unknown,"/img_image.dd/WINDOWS/system32/dllcache/wowdeb.exe.new",,,application/x-msdownload,new
wowexec.exe,"0000-00-00 00:00:00","0000-00-00 00:00:00","0000-00-00 00:00:00","0000-00-00 00:00:00",0,Unallocated,,unknown,"/img_image.dd/WINDOWS/system32/dllcache/wowexec.exe",,,application/octet-stream,exe
wshom.ocx.new,"2008-04-14 13:00:00 WEST","2013-10-24 15:50:08 WEST","2013-10-24 15:50:08 WEST","2008-04-14 13:00:00 WEST",135168,Unallocated,Allocated,unknown,"/img_image.dd/WINDOWS/system32/dllcache/wshom.ocx.new",,,application/x-msdownload,new
wshrm.dll,"0000-00-00 00:00:00","0000-00-00 00:00:00","0000-00-00 00:00:00","0000-00-00 00:00:00",0,Unallocated,,unknown,"/img_image.dd/WINDOWS/system32/dllcache/wshrm.dll",,,application/octet-stream,dll
wuweb.dll.new,"2008-04-14 13:00:00 WEST","2013-10-24 15:50:08 WEST","2013-10-24 15:50:08 WEST","2013-10-24 15:47:18 WEST",120320,Unallocated,Allocated,unknown,"/img_image.dd/WINDOWS/system32/dllcache/wuweb.dll.new",,,application/x-msdownload,new
zonelibm.dll.new,"2008-04-14 13:00:00 WEST","2013-10-24 15:50:17 WEST","2013-10-24 15:50:16 WEST","2013-10-24 15:45:40 WEST",13894,Unallocated,Allocated,unknown,"/img_image.dd/WINDOWS/system32/dllcache/zonelibm.dll.new",,,application/x-msdownload,new
sprb0407.dll.new,"2008-04-14 13:00:00 WEST","2013-10-24 15:50:11 WEST","2013-10-24 15:50:11 WEST","2008-04-14 13:00:00 WEST",788480,Unallocated,Allocated,unknown,"/img_image.dd/WINDOWS/system32/dllcache/sprb0407.dll.new",,,application/x-msdownload,new
sprb0804.dll.new,"2008-04-14 13:00:00 WEST","2013-10-24 15:50:13 WEST","2013-10-24 15:50:13 WEST","2008-04-14 13:00:00 WEST",470016,Unallocated,Allocated,unknown,"/img_image.dd/WINDOWS/system32/dllcache/sprb0804.dll.new",,,application/x-msdownload,new
sprc040b.dll,"0000-00-00 00:00:00","0000-00-00 00:00:00","0000-00-00 00:00:00","0000-00-00 00:00:00",0,Unallocated,,unknown,"/img_image.dd/WINDOWS/system32/dllcache/sprc040b.dll",,,application/octet-stream,dll
sprc0415.dll.new,"2008-04-14 13:00:00 WEST","2013-10-24 15:50:15 WEST","2013-10-24 15:50:15 WEST","2008-04-14 13:00:00 WEST",641024,Unallocated,Allocated,unknown,"/img_image.dd/WINDOWS/system32/dllcache/sprc0415.dll.new",,,application/x-msdownload,new
stream.sys,"0000-00-00 00:00:00","0000-00-00 00:00:00","0000-00-00 00:00:00","0000-00-00 00:00:00",0,Unallocated,,unknown,"/img_image.dd/WINDOWS/system32/drivers/stream.sys",,,application/octet-stream,sys
cmmgr32.hlp,"0000-00-00 00:00:00","0000-00-00 00:00:00","0000-00-00 00:00:00","0000-00-00 00:00:00",0,Unallocated,,unknown,"/img_image.dd/WINDOWS/system32/cmmgr32.hlp",,,application/octet-stream,hlp
dot3api.dll,"0000-00-00 00:00:00","0000-00-00 00:00:00","0000-00-00 00:00:00","0000-00-00 00:00:00",0,Unallocated,,unknown,"/img_image.dd/WINDOWS/system32/dot3api.dll",,,application/octet-stream,dll
expand.exe,"0000-00-00 00:00:00","0000-00-00 00:00:00","0000-00-00 00:00:00","0000-00-00 00:00:00",0,Unallocated,,unknown,"/img_image.dd/WINDOWS/system32/expand.exe",,,application/octet-stream,exe
magnify.gif,"0000-00-00 00:00:00","0000-00-00 00:00:00","0000-00-00 00:00:00","0000-00-00 00:00:00",0,Unallocated,,unknown,"/img_image.dd/WINDOWS/system32/oobe/images/magnify.gif",,,application/octet-stream,gif
ident1.htm,"0000-00-00 00:00:00","0000-00-00 00:00:00","0000-00-00 00:00:00","0000-00-00 00:00:00",0,Unallocated,,unknown,"/img_image.dd/WINDOWS/system32/oobe/setup/ident1.htm",,,application/octet-stream,htm
pcl.sep,"0000-00-00 00:00:00","0000-00-00 00:00:00","0000-00-00 00:00:00","0000-00-00 00:00:00",0,Unallocated,,unknown,"/img_image.dd/WINDOWS/system32/pcl.sep",,,application/octet-stream,sep
mqprfsym.h,"0000-00-00 00:00:00","0000-00-00 00:00:00","0000-00-00 00:00:00","0000-00-00 00:00:00",0,Unallocated,,unknown,"/img_image.dd/WINDOWS/system32/mqprfsym.h",,,application/octet-stream,h
prncnfg.vbs,"0000-00-00 00:00:00","0000-00-00 00:00:00","0000-00-00 00:00:00","0000-00-00 00:00:00",0,Unallocated,,unknown,"/img_image.dd/WINDOWS/system32/prncnfg.vbs",,,application/octet-stream,vbs
rsvpcnts.h,"0000-00-00 00:00:00","0000-00-00 00:00:00","0000-00-00 00:00:00","0000-00-00 00:00:00",0,Unallocated,,unknown,"/img_image.dd/WINDOWS/system32/rsvpcnts.h",,,application/octet-stream,h
tapi.dll,"0000-00-00 00:00:00","0000-00-00 00:00:00","0000-00-00 00:00:00","0000-00-00 00:00:00",0,Unallocated,,unknown,"/img_image.dd/WINDOWS/system32/tapi.dll",,,application/octet-stream,dll
ureg.dll,"0000-00-00 00:00:00","0000-00-00 00:00:00","0000-00-00 00:00:00","0000-00-00 00:00:00",0,Unallocated,,unknown,"/img_image.dd/WINDOWS/system32/ureg.dll",,,application/octet-stream,dll
"852ECCDBABE77624586E4417FE66F857.mof","0000-00-00 00:00:00","0000-00-00 00:00:00","0000-00-00 00:00:00","0000-00-00 00:00:00",0,Unallocated,,unknown,"/img_image.dd/WINDOWS/system32/wbem/AutoRecover/852ECCDBABE77624586E4417FE66F857.mof",,,application/octet-stream,mof
"E04DE4CDFEC284A342159BB920976701.mof","0000-00-00 00:00:00","0000-00-00 00:00:00","0000-00-00 00:00:00","0000-00-00 00:00:00",0,Unallocated,,unknown,"/img_image.dd/WINDOWS/system32/wbem/AutoRecover/E04DE4CDFEC284A342159BB920976701.mof",,,application/octet-stream,mof
wiadefui.dll,"0000-00-00 00:00:00","0000-00-00 00:00:00","0000-00-00 00:00:00","0000-00-00 00:00:00",0,Unallocated,,unknown,"/img_image.dd/WINDOWS/system32/wiadefui.dll",,,application/octet-stream,dll
userdiff.LOG,"0000-00-00 00:00:00","0000-00-00 00:00:00","0000-00-00 00:00:00","0000-00-00 00:00:00",0,Unallocated,,unknown,"/img_image.dd/WINDOWS/system32/config/userdiff.LOG",,,application/octet-stream,log
crypt32.dll,"0000-00-00 00:00:00","0000-00-00 00:00:00","0000-00-00 00:00:00","0000-00-00 00:00:00",0,Unallocated,,unknown,"/img_image.dd/WINDOWS/system32/crypt32.dll",,,application/octet-stream,dll
mtstocom.exe,"0000-00-00 00:00:00","0000-00-00 00:00:00","0000-00-00 00:00:00","0000-00-00 00:00:00",0,Unallocated,,unknown,"/img_image.dd/WINDOWS/system32/mtstocom.exe",,,application/octet-stream,exe
ms26_07.png,"0000-00-00 00:00:00","0000-00-00 00:00:00","0000-00-00 00:00:00","0000-00-00 00:00:00",0,Unallocated,,unknown,"/img_image.dd/WINDOWS/system32/DirectX/Dinput/ms26_07.png",,,application/octet-stream,png
ms34.png,"0000-00-00 00:00:00","0000-00-00 00:00:00","0000-00-00 00:00:00","0000-00-00 00:00:00",0,Unallocated,,unknown,"/img_image.dd/WINDOWS/system32/DirectX/Dinput/ms34.png",,,application/octet-stream,png
msf1f_5.png,"0000-00-00 00:00:00","0000-00-00 00:00:00","0000-00-00 00:00:00","0000-00-00 00:00:00",0,Unallocated,,unknown,"/img_image.dd/WINDOWS/system32/DirectX/Dinput/msf1f_5.png",,,application/octet-stream,png
sv2512.png,"0000-00-00 00:00:00","0000-00-00 00:00:00","0000-00-00 00:00:00","0000-00-00 00:00:00",0,Unallocated,,unknown,"/img_image.dd/WINDOWS/system32/DirectX/Dinput/sv2512.png",,,application/octet-stream,png
dsound.vxd,"0000-00-00 00:00:00","0000-00-00 00:00:00","0000-00-00 00:00:00","0000-00-00 00:00:00",0,Unallocated,,unknown,"/img_image.dd/WINDOWS/system32/dsound.vxd",,,application/octet-stream,vxd
dx8vb.dll,"0000-00-00 00:00:00","0000-00-00 00:00:00","0000-00-00 00:00:00","0000-00-00 00:00:00",0,Unallocated,,unknown,"/img_image.dd/WINDOWS/system32/dx8vb.dll",,,application/octet-stream,dll
msasn1.dll,"0000-00-00 00:00:00","0000-00-00 00:00:00","0000-00-00 00:00:00","0000-00-00 00:00:00",0,Unallocated,,unknown,"/img_image.dd/WINDOWS/system32/msasn1.dll",,,application/octet-stream,dll
msratelc.dll,"0000-00-00 00:00:00","0000-00-00 00:00:00","0000-00-00 00:00:00","0000-00-00 00:00:00",0,Unallocated,,unknown,"/img_image.dd/WINDOWS/system32/msratelc.dll",,,application/octet-stream,dll
ShellExt,"0000-00-00 00:00:00","0000-00-00 00:00:00","0000-00-00 00:00:00","0000-00-00 00:00:00",0,Unallocated,,unknown,"/img_image.dd/WINDOWS/system32/ShellExt",,,application/octet-stream,
ssstars.scr,"0000-00-00 00:00:00","0000-00-00 00:00:00","0000-00-00 00:00:00","0000-00-00 00:00:00",0,Unallocated,,unknown,"/img_image.dd/WINDOWS/system32/ssstars.scr",,,application/octet-stream,scr
usrcntra.dll,"0000-00-00 00:00:00","0000-00-00 00:00:00","0000-00-00 00:00:00","0000-00-00 00:00:00",0,Unallocated,,unknown,"/img_image.dd/WINDOWS/system32/usrcntra.dll",,,application/octet-stream,dll
wuauclt1.exe,"0000-00-00 00:00:00","0000-00-00 00:00:00","0000-00-00 00:00:00","0000-00-00 00:00:00",0,Unallocated,,unknown,"/img_image.dd/WINDOWS/system32/wuauclt1.exe",,,application/octet-stream,exe
edb00010.log,"0000-00-00 00:00:00","0000-00-00 00:00:00","0000-00-00 00:00:00","0000-00-00 00:00:00",0,Unallocated,,unknown,"/img_image.dd/WINDOWS/system32/CatRoot2/edb00010.log",,,application/octet-stream,log
tmp.edb,"0000-00-00 00:00:00","0000-00-00 00:00:00","0000-00-00 00:00:00","0000-00-00 00:00:00",0,Unallocated,,unknown,"/img_image.dd/WINDOWS/system32/CatRoot2/tmp.edb",,,application/octet-stream,edb
tmp.edb,"2013-10-28 17:24:45 WET","2013-10-28 17:24:45 WET","2013-10-28 17:24:45 WET","2013-10-28 17:24:45 WET",1056768,Unallocated,Unallocated,unknown,"/img_image.dd/WINDOWS/system32/CatRoot2/tmp.edb",,,application/octet-stream,edb
mtsadmin.tlb,"0000-00-00 00:00:00","0000-00-00 00:00:00","0000-00-00 00:00:00","0000-00-00 00:00:00",0,Unallocated,,unknown,"/img_image.dd/WINDOWS/system32/Com/mtsadmin.tlb",,,application/octet-stream,tlb
"x86_Microsoft.Windows.GdiPlus_6595b64144ccf1df_1.0.2600.5512_x-ww_dfb54e0c","0000-00-00 00:00:00","0000-00-00 00:00:00","0000-00-00 00:00:00","0000-00-00 00:00:00",0,Unallocated,,unknown,"/img_image.dd/WINDOWS/WinSxS/x86_Microsoft.Windows.GdiPlus_6595b64144ccf1df_1.0.2600.5512_x-ww_dfb54e0c",,,application/octet-stream,
serf1257.fon,"0000-00-00 00:00:00","0000-00-00 00:00:00","0000-00-00 00:00:00","0000-00-00 00:00:00",0,Unallocated,,unknown,"/img_image.dd/WINDOWS/Fonts/serf1257.fon",,,application/octet-stream,fon
vga863.fon,"0000-00-00 00:00:00","0000-00-00 00:00:00","0000-00-00 00:00:00","0000-00-00 00:00:00",0,Unallocated,,unknown,"/img_image.dd/WINDOWS/Fonts/vga863.fon",,,application/octet-stream,fon
agt041d.hlp,"0000-00-00 00:00:00","0000-00-00 00:00:00","0000-00-00 00:00:00","0000-00-00 00:00:00",0,Unallocated,,unknown,"/img_image.dd/WINDOWS/Help/agt041d.hlp",,,application/octet-stream,hlp
img136.jpg,"0000-00-00 00:00:00","0000-00-00 00:00:00","0000-00-00 00:00:00","0000-00-00 00:00:00",0,Unallocated,,unknown,"/img_image.dd/WINDOWS/Help/Tours/htmlTour/img136.jpg",,,application/octet-stream,jpg
nav_safe_easy.gif,"0000-00-00 00:00:00","0000-00-00 00:00:00","0000-00-00 00:00:00","0000-00-00 00:00:00",0,Unallocated,,unknown,"/img_image.dd/WINDOWS/Help/Tours/htmlTour/nav_safe_easy.gif",,,application/octet-stream,gif
osk.chm,"0000-00-00 00:00:00","0000-00-00 00:00:00","0000-00-00 00:00:00","0000-00-00 00:00:00",0,Unallocated,,unknown,"/img_image.dd/WINDOWS/Help/osk.chm",,,application/octet-stream,chm
appmig.inf,"0000-00-00 00:00:00","0000-00-00 00:00:00","0000-00-00 00:00:00","0000-00-00 00:00:00",0,Unallocated,,unknown,"/img_image.dd/WINDOWS/inf/appmig.inf",,,application/octet-stream,inf
cyyport.PNF,"0000-00-00 00:00:00","0000-00-00 00:00:00","0000-00-00 00:00:00","0000-00-00 00:00:00",0,Unallocated,,unknown,"/img_image.dd/WINDOWS/inf/cyyport.PNF",,,application/octet-stream,pnf
mdmmod.PNF,"0000-00-00 00:00:00","0000-00-00 00:00:00","0000-00-00 00:00:00","0000-00-00 00:00:00",0,Unallocated,,unknown,"/img_image.dd/WINDOWS/inf/mdmmod.PNF",,,application/octet-stream,pnf
netpsa.PNF,"0000-00-00 00:00:00","0000-00-00 00:00:00","0000-00-00 00:00:00","0000-00-00 00:00:00",0,Unallocated,,unknown,"/img_image.dd/WINDOWS/inf/netpsa.PNF",,,application/octet-stream,pnf
skins.PNF,"0000-00-00 00:00:00","0000-00-00 00:00:00","0000-00-00 00:00:00","0000-00-00 00:00:00",0,Unallocated,,unknown,"/img_image.dd/WINDOWS/inf/skins.PNF",,,application/octet-stream,pnf
wdma_rip.inf,"0000-00-00 00:00:00","0000-00-00 00:00:00","0000-00-00 00:00:00","0000-00-00 00:00:00",0,Unallocated,,unknown,"/img_image.dd/WINDOWS/inf/wdma_rip.inf",,,application/octet-stream,inf
wtv3.inf,"0000-00-00 00:00:00","0000-00-00 00:00:00","0000-00-00 00:00:00","0000-00-00 00:00:00",0,Unallocated,,unknown,"/img_image.dd/WINDOWS/inf/wtv3.inf",,,,inf
